reach_id;z0_hat;k_hat;k_tilde;A0_hat;offset_hat;factor_hat;dAbar;std_S;std_W;rel_std_S;rel_std_W;Wbar;Sbar;Qbar;R2;R2_2;valid;r2_param_hat;nse_param_hat;rmse_param_hat;nrmse_param_hat;mae_param_hat;bias_param_hat;r2_param_tilde;nse_param_tilde;rmse_param_tilde;nrmse_param_tilde;mae_param_tilde;bias_param_tilde;h_hat;rel_std_Q
23214100101;8.157068356123098;29.62459696199696;29.61440220502712;231.19152914872623;-2.4864940039755754;0.0095850104455553;158.56150197749025;1.5772294255869156e-05;2.8421709430404014e-14;0.0400960304850255;1.649923656557755e-16;172.26075471698115;0.0003933629854396;411.0699133931333;0.9999538017248968;0.9999538017248968;732;0.9996740460094705;0.999632812012431;4.2071892654863365;0.010234729247778159;1.821598378039301;0.1722287527693045;0.9996740460094703;0.9996269121158929;4.240854672261291;0.01031662628202488;1.7957929589617951;0.31363158905946487;2.2625758941238137;0.5341117420647971
23214100111;10.366732113834985;31.91199507495663;31.92054116791168;288.51896688705926;-2.5087304043664056;0.0096474731541119;191.70431650725388;4.315386063762841e-06;2.8421709430404014e-14;0.023359512743011;1.5223369824974411e-16;186.69788461538465;0.0001847378458291;411.0974180327868;0.9999567694286616;0.9999567694286616;732;0.9996906267287338;0.9996870456565148;3.8878133851026715;0.009457158363355622;1.5387756684537974;0.06741448905929916;0.999690626728734;0.9996860282400086;3.894127909806487;0.00947251852964913;1.5521455843673817;-0.042660127377207126;2.572194561195047;0.5345891865267697
23214100121;12.52033097081958;31.502530193154133;31.48448765579842;248.46129839254013;-2.451335517704432;0.0096855330211033;172.48700358004606;3.0206386903850856e-06;2.8421709430404014e-14;0.0126613767398462;1.7897036387058822e-16;158.80679245283022;0.0002385711090073;411.15185947004846;0.999941043658196;0.999941043658196;732;0.9995379991733528;0.9994938484037201;4.950620576469558;0.012040856589705391;2.0131614601826326;-0.20062192994627484;0.9995379991733522;0.99950190922468;4.911041300856387;0.01194459221754814;2.004565885469348;0.03497319420780918;2.6506945670955417;0.5352011998867383
23214100131;16.206521396920724;31.004273632902667;31.039066669154305;230.20675542737732;-2.5011993455976738;0.0098808855118511;158.90079411545312;3.5331469731956592e-06;2.8421709430404014e-14;0.010639537962686;1.7425691496588446e-16;163.1023333333333;0.0003320771057527;411.2185025045537;0.9999516600830044;0.9999516600830044;732;0.9996493318125663;0.9996488284991017;4.129492582718278;0.010042088470162037;1.6198876611716841;0.1266884796345088;0.999649331812567;0.9996446597889206;4.153930600182664;0.010101516772428461;1.7250082531478161;-0.33463928948122856;2.385665131764908;0.5358761287198982
23214100141;20.52474860111921;30.491021172083396;30.474688586098324;221.93244119796256;-2.4917699883626288;0.0096043456061999;150.36746637579606;4.451232538309053e-06;2.8421709430404014e-14;0.0122355810634215;1.8568594327231e-16;153.0633333333333;0.0003637941275724;411.2595500910747;0.9999555456332946;0.9999555456332946;732;0.9996163578818078;0.9996156986507344;4.326639529411559;0.01052045971565502;1.596636529273222;0.06480979308971443;0.9996163578818089;0.99961464076968;4.332590490103329;0.010534929800764174;1.5883148361847486;0.2850672063991528;2.432325884103042;0.5366594276006734
23214200031;25.614554324188276;29.256521171000017;29.260499424425436;45.5720998476082;-0.295045757288973;0.0090467652973856;71.26688867052135;4.869183868817432e-05;0.0;0.1380008653038325;0.0;100.04341176470588;0.0003528371983825;82.0169138540662;0.9995575979748388;0.999557445000418;732;0.9998405764165961;0.9998245273871383;0.9674897108527687;0.011796221844853077;0.5683314285120022;0.1637336073489916;0.9998405764165974;0.999826068931475;0.9632305894031764;0.011744292050747795;0.563782273327818;0.15260334709710793;1.1678828866105169;0.8905088912292192
23214200051;29.88920360250166;31.244380139599198;31.244784661636736;37.00653105667424;-0.2934797405206886;0.0090936390524618;62.8406160585564;4.756499587052567e-06;1.4210854715202004e-14;0.0100566055202338;1.5569015249347323e-16;91.27651612903227;0.0004729726722881;82.0131272474881;0.9999735354251892;0.9999735354251892;732;0.9996422842386852;0.9992287599958184;2.0293689078120067;0.024744440017365175;0.7170912396959165;-0.3039910082319736;0.9996422842386852;0.9992281126695788;2.0302203860824113;0.024754822236638867;0.7170383047536283;-0.3050567707227733;1.0938974376945165;0.8910105693094494
23214200071;35.95745080139804;30.905354903107508;30.907369224447603;43.86796201617414;-0.2836058643202848;0.0087639531776117;71.92755209143678;1.2663157482925228e-05;0.0;0.0300968714659362;0.0;120.40063829787232;0.0004207466379772;82.0446289966283;0.9999900566626432;0.9999900566626432;732;0.999936896407845;0.9999360044255504;0.5852470581570419;0.007133276916653413;0.22309703745583268;0.0285323420983839;0.9999368964078446;0.9999359396075074;0.5855433674614471;0.007136888479141157;0.2237640541895112;0.023186770942820126;0.9617516629864713;0.8916904449662331
23214200081;37.85881282326985;30.559798667769577;30.56222849566724;55.54729082948732;-0.2871505888140055;0.009080327892051;81.57766116702221;2.6134335847011514e-05;1.4210854715202004e-14;0.1692279008780804;1.6096396925331207e-16;88.28593617021279;0.000154432783905;82.03865088361819;0.9999731070968106;0.9999731070968106;732;0.9997027582741231;0.9994289537240562;1.750866486412617;0.021341970736408554;0.7171652868343018;-0.23102987935803435;0.9997027582741231;0.9994257515120678;1.755768722764951;0.021401725940809566;0.7172206655263142;-0.23757119095576532;1.55319134558574;0.8930974888595847
23214200091;40.81305462379188;28.96503164195648;28.96147617578437;33.36973034427315;-0.2920447192862889;0.0090530254952212;61.40171887161673;3.498555284002083e-05;1.4210854715202004e-14;0.0672448951922097;1.8970479373347327e-16;74.91036170212764;0.0005202707616692;81.98691678293221;0.9999068079828048;0.9999068079828048;732;0.9997207773542199;0.9997066162830253;1.257681229863142;0.015340023496589911;0.6749142306752047;0.072318644362983;0.999720777354219;0.9997054245461953;1.2602330177889862;0.01537114782747066;0.6738227428074189;0.08237368543056306;1.2651313791907395;0.8955874963304457
23214200111;49.82654955146404;27.049109099667707;27.05177666067393;40.23562491290064;-0.2873008766739763;0.0090140359567137;66.17562558090111;3.3353295241328466e-05;0.0;0.0717441066988023;0.0;87.76825641025641;0.0004648924737658;81.86669307832422;0.999984060065345;0.999984060065345;732;0.9999187043830592;0.9998306610597559;0.9555615623482402;0.011672165155541668;0.4336310074398543;0.17932622313582874;0.9999187043830581;0.9998329459803991;0.9490928858537409;0.011593150403005974;0.4330926340730663;0.1712702818580209;1.2124115807473923;0.8969598536405369
23214200131;52.41370610280977;30.549832749436614;30.54838427937453;36.53619199370236;-0.2877916854498349;0.0090835181192048;70.4516573137678;2.575208511286125e-05;1.4210854715202004e-14;0.0917789140837115;2.0571758007152275e-16;69.07943750000001;0.000280588252432;81.7825200648907;0.999942764619993;0.999942764619993;732;0.9995052404557035;0.9990834089023692;2.223764199189511;0.027191191924937696;0.8689766268611476;-0.2808992547193499;0.9995052404557033;0.9990857606026959;2.220909608012266;0.027156287263465046;0.8686447222352173;-0.27700835269538276;1.5487654963529511;0.898132532512317
23214200151;54.40463190779576;29.991219969339;29.99642945942793;28.716062517770943;-0.2797699592485408;0.0089875178222002;53.72011412232676;6.584119249648262e-05;1.4210854715202004e-14;0.0919098968482985;2.0304302924839674e-16;69.98937499999998;0.0007163667325745;81.77539258879781;0.9999485394048184;0.9999485394048184;732;0.9998406089018117;0.9998187233055016;0.9888937626780611;0.012092803609646343;0.5235483644041775;-0.09801484047680371;0.9998406089018101;0.9998165740445943;0.9947387721390636;0.012164279994851777;0.5257292990618528;-0.11223629278803898;1.1778384453368482;0.8981647639066388
23214200171;57.94757975051952;30.802237039401955;30.79359528947429;22.945787241937;-0.2787075228407244;0.0087595234179139;41.026370086073264;5.068759587318967e-05;0.0;0.0332374545438259;0.0;70.135;0.0015250143721551;81.77870342771982;0.9999758912312704;0.9999758912312704;732;0.9999013659098336;0.999853043661452;0.8902199296927137;0.01088571831515445;0.38890291052786957;-0.1007854825123187;0.9999013659098358;0.9998575742924902;0.8763898600904487;0.010716602530450323;0.3864731894085366;-0.07781370723306974;0.912128856177518;0.8979722805019854
23214200191;63.3415222848108;28.07820619841766;28.07784127047641;34.80213617381181;-0.2859297347415013;0.0088102818119179;56.72580526879312;3.995937414374253e-05;1.4210854715202004e-14;0.0572687043790934;1.6521917786297132e-16;86.01213793103446;0.0006977523688894;81.79106420765027;0.9999706059648046;0.9999706059648046;732;0.9998615149583792;0.999793737689195;1.0544322754488333;0.012891778407135675;0.4552699746805811;-0.08934492145997508;0.9998615149583809;0.99979398594103;1.0537975410736662;0.01288401797045086;0.45519963360689747;-0.08828073491895373;1.064128199161764;0.897641437337193
23214200211;66.69800540326914;30.73778283956668;30.73698364675774;31.319222182331035;-0.2817291373514845;0.0089169331830603;55.369490414650855;2.903100118178817e-05;1.4210854715202004e-14;0.0347709028745927;1.4944102025168946e-16;95.0934;0.000834922270684;81.81330204918034;0.999975126359166;0.999975126359166;732;0.9998930181544646;0.9998903618746073;0.7689663039338378;0.009399037621921066;0.3664997841646856;-0.034971233732348755;0.9998930181544646;0.9998904691297906;0.7685900853411508;0.00939443912041503;0.3662462945742223;-0.03284315078722084;0.9116165012186114;0.8976408066120052
23214200231;69.29865413517317;29.272074222199866;29.26885876182087;41.08827591499143;-0.2938456656377177;0.0090654614495007;59.661848150650826;6.549227634167532e-05;1.4210854715202004e-14;0.191456281458375;2.020124091193396e-16;70.34644444444443;0.0003420743150488;81.82925713418336;0.99996145044594;0.99996145044594;732;0.9997334175554132;0.9995865768713683;1.493780743439036;0.018254849130422128;0.611652839066035;-0.1839372672479619;0.9997334175554135;0.9995897988256389;1.4879485744335372;0.018183576712588308;0.6104463465105886;-0.17492833350616688;1.4321992370944752;0.8978026095787993
23214200251;70.1363571084864;31.25789122980576;31.263201251690383;33.28593641857238;-0.2851749881840494;0.0090712387241708;68.17824921086617;3.0302328356801454e-05;0.0;0.1071223664190983;0.0;63.56925;0.0002828758304148;81.84013985655737;0.9999367603744116;0.9999367603744116;732;0.9989433469420319;0.9977982272670024;3.449711729989133;0.04215183082574764;1.3207845747167501;-0.4605554954183685;0.9989433469420324;0.9977841094492101;3.4607538734343866;0.04228675414656072;1.320834974265244;-0.474536556719838;1.5961205398748382;0.8983181987652997
23214200271;72.08724201039959;30.433180520263534;30.43243432983056;23.88478201089833;-0.2778926264360562;0.0089423497797276;47.11705899203599;0.0001830435530784;1.4210854715202004e-14;0.1450142751986224;1.952680391855533e-16;72.77614285714287;0.001262245063996;81.8428774395004;0.9999683266459162;0.9999683266459162;732;0.9997117755631723;0.9996858403372518;1.3036425688636986;0.01592860135968915;0.5697036699368124;0.04447088186374519;0.9997117755631727;0.9996855593457914;1.304225442160217;0.015935723217018145;0.5696734152349805;0.04647649505836879;0.975619732173895;0.8986745283826058
23214200291;75.4380701707051;29.210508966200667;29.20363919439101;36.92543045533165;-0.2866509200885561;0.0090159365539458;59.60985562446447;5.461177539129474e-05;0.0;0.113166381892373;0.0;80.38439285714286;0.0004825794947057;81.83942915690868;0.9999690991669838;0.9999690991669838;732;0.9998494023696253;0.9998439389484853;0.9193186710007676;0.011233199943735934;0.42100011111872726;-0.012859419323583815;0.9998494023696264;0.9998450052032255;0.9161727613511179;0.011194759919385103;0.41697169289918445;0.006390726069898729;1.2009207589756408;0.8991998478023376
23214200311;77.4563511478545;28.737541585393373;28.73978664165491;27.27836808335922;-0.2876219224172267;0.009010726695958;55.93837173994001;0.0001150100225554;0.0;0.1364176881163758;0.0;74.91064285714286;0.0008430726553389;81.82658352849336;0.9999417167456478;0.9999417167456478;732;0.9992827733410646;0.9980977884087903;3.2132861147501375;0.03926946447215676;1.367739507110402;0.6309961926352784;0.9992827733410642;0.9981042839263612;3.2077951890909038;0.03920236004933405;1.3669250502003305;0.6246529686954079;1.1108800652264643;0.9003794347103196
23214200331;82.09377209913694;31.666326717731863;31.651711090494288;30.58016203153653;-0.2924848460412733;0.0091124903657218;53.615237494299215;7.344207369356226e-06;1.4210854715202004e-14;0.0078795404085397;1.3984698827332658e-16;101.61716666666663;0.0009320603726324;81.81110923269581;0.999985436835133;0.999985436835133;732;0.9998383787063224;0.9997384377997952;1.1923871062717477;0.014574880079919637;0.4581467022046701;-0.1524004189179649;0.9998383787063215;0.9997491950610006;1.1676100449342437;0.014272023150464856;0.45744618313346674;-0.11457007266942013;0.828554881893346;0.9011923556733885
23214200351;85.76741736590958;29.807970303233304;29.814019375873;42.81763564211664;-0.272586797773179;0.0087942135568556;63.10721246199328;6.489376664223876e-05;1.4210854715202004e-14;0.1668029570782207;1.5759013649913856e-16;90.17604166666663;0.0003890444616746;81.79188308287796;0.9999764725340698;0.9999764725340698;732;0.9998486769372866;0.9998091416188898;1.0193753575420836;0.01246303812945806;0.44577827544472276;-0.07416214938281676;0.9998486769372875;0.9998060620132728;1.027566540252432;0.012563184774841545;0.4482370513776765;-0.09077561381184888;1.1746451290871502;0.902128297638357
23214200371;87.90670579284088;29.86174825372409;29.85842144089904;29.125254104686228;-0.2789749281518888;0.0088530623581596;56.32003201113478;0.0001020434708657;0.0;0.1125131433540593;0.0;90.21433333333331;0.0009069471158994;81.78113035063753;0.9999659172990296;0.9999659172990296;732;0.999721255172058;0.999588820038393;1.4974624132127028;0.018310610366869665;0.6033010461044203;0.16351015660435944;0.9997212551720569;0.9995857600191371;1.5030241750576905;0.01837861825354403;0.6032090516183317;0.17260294458531125;0.9471364799660918;0.902998129107318
23214200391;91.43539973400372;31.413704758651487;31.418600511075045;31.23958112217767;-0.274839013446967;0.0088431328054652;57.466725147218334;5.111630788885378e-06;2.8421709430404014e-14;0.0076047827820291;3.156143163155968e-16;90.05202857142854;0.0006721599992263;81.76890765027322;0.9999671104995124;0.9999671104995124;732;0.9998680032014686;0.9998159072466217;1.002599995153855;0.01226138423472635;0.459337260014718;0.16680239612660414;0.9998680032014666;0.9998187527580781;0.9948212529983902;0.012166253427931982;0.45802838176469096;0.1540848988548005;0.9850561689349794;0.9036934936291046
23214200411;96.20747245202996;30.70500711678583;30.70056474453774;27.548544104271016;-0.2845774588193311;0.0091217884082749;49.6891450626899;3.650934519627066e-06;0.0;0.0036598530057668;0.0;82.6689;0.0009975631572837;81.75309808743168;0.9999827368364724;0.9999827368364724;732;0.9997901675656979;0.9996352099952849;1.4121905395030159;0.017273847383651862;0.5579728320369302;-0.1552326985562163;0.9997901675656986;0.9996394294230703;1.403999571021795;0.017173655847516303;0.5581871616866481;-0.14338227643493107;0.9343016438704251;0.9044147012594759
23214200451;100.89169577285126;28.882640135339805;28.87385514066169;47.725436497578144;-0.275785057587014;0.0089050073484087;74.99493662840861;3.2809476797543854e-05;1.4210854715202004e-14;0.1236929370640967;1.5373698185398251e-16;92.43614999999998;0.0002652493956105;81.7055017759563;0.99994979379507;0.99994979379507;732;0.9997549423979086;0.999639642679192;1.4043413632469817;0.01718784332415961;0.6778451931839593;-0.17754092661660967;0.9997549423979093;0.9996474834612671;1.3889792620662997;0.016999825371307353;0.6734225130370404;-0.15263523617420816;1.3276231552913738;0.9054296486561164
23214200471;103.42628989978284;30.29452086886605;30.289406353490744;45.710927218383496;-0.280438340314899;0.0090771195571946;74.58542415251692;2.184846279878988e-05;0.0;0.0871846762342664;0.0;89.73039393939393;0.0002505998042601;81.6281766848816;0.9999483864303976;0.9999483864303976;732;0.9997749468557112;0.9997051697682005;1.273392370906979;0.015599911974302678;0.6134430534086183;-0.1299660542642194;0.9997749468557099;0.9997085384590134;1.266096665601893;0.015510534683257082;0.6107896518023139;-0.11616312006677855;1.340642184766857;0.9085234487630346
23214200491;107.17160604239018;28.472217399416504;28.4624065917433;31.70474502308343;-0.2648828027843121;0.0088686503846097;57.00439783076741;2.1643576749913185e-05;1.4210854715202004e-14;0.0272042480507614;1.5922676152024296e-16;89.24915999999997;0.000795595478674;81.58569819672131;0.9999749121949768;0.9999749121949768;732;0.9998773881332151;0.9998294032674276;0.9694215099380001;0.011882248131290225;0.4567486584638919;-0.1112607959904818;0.9998773881332151;0.9998349681360615;0.9534791480472692;0.011686841800976176;0.45187823203610694;-0.0831100853900627;0.9939493307707423;0.909731563200176
23214200511;109.10389600302808;31.460761056773908;31.461501709703544;31.82249854340069;-0.2632000619458779;0.0086818669562979;68.63919222719042;6.972852887635301e-05;2.8421709430404014e-14;0.1351153111100045;2.957654194193922e-16;96.09544444444442;0.0005160668195448;81.5650608682453;0.999948241104302;0.999948241104302;732;0.9998185926412445;0.9998165394397317;1.0053674721315904;0.012325957480196003;0.5540728014976533;0.08936923541684451;0.9998185926412427;0.9998166369932358;1.005100139029899;0.012322679935879287;0.5541378413401071;0.08745112512087634;1.0454365589481291;0.9100165852783392
23214200531;110.79374779974148;31.064930438745023;31.0606314712111;30.53570301806823;-0.2758852624126938;0.0088999757046276;56.7486034101648;2.5944901150544578e-05;1.4210854715202004e-14;0.0297461428857222;1.382129173529157e-16;102.81857142857145;0.0008722106005547;81.55595413739266;0.9999819796132212;0.9999819796132212;732;0.9999134311015089;0.9998776239962914;0.8210989954661267;0.010067922129669013;0.39072464452722727;-0.10771598906529851;0.9999134311015082;0.9998796393545255;0.8143097625257812;0.009984675811087442;0.3889562915846847;-0.09641483816567112;0.8489157670204537;0.9101054486398018
23214200551;112.57125673090891;31.183531064769245;31.178137829918867;36.01489816392626;-0.2709705957675777;0.0088001193223964;63.121173222338506;2.319646484186752e-05;1.4210854715202004e-14;0.0422875847414988;1.378938224682771e-16;103.0565;0.0005485407829192;81.54884145415909;0.9999767784829116;0.9999767784829116;732;0.9998774371399726;0.9998018874981061;1.0445609664985578;0.012809022763195663;0.4559381866055178;-0.12419779083284826;0.9998774371399748;0.999805433214928;1.0351712532185418;0.012693880559915015;0.4551390774053766;-0.11007232567377345;0.9619584537245708;0.9100391081671666
23214200591;115.39213043777652;31.060466627346816;31.052954817234788;31.1438539941514;-0.2724300731217834;0.008920871200703;63.08142180971717;7.667532785851132e-05;1.4210854715202004e-14;0.1261662445296127;1.5674111383399242e-16;90.6645;0.0006077325051909;81.5376443989071;0.9999485699997028;0.9999485394048184;732;0.9998278385749194;0.9998228825204495;0.9879175162580567;0.012116090960696164;0.5263095196764953;0.04930216718783858;0.999827838574921;0.9998213756637234;0.9921110529997286;0.012167521643696472;0.5255526520002026;0.06900969317361064;1.0392742010805616;0.9103990867717109
23214200611;117.9954978577246;29.839325966062752;29.843593978916303;32.72437979531432;-0.2725196409079164;0.0089025687145462;58.07494188894006;2.1992013892579316e-05;1.4210854715202004e-14;0.0302907454183573;1.4922389350960135e-16;95.23176470588236;0.0007260307922053;81.53352418836387;0.9999724340093588;0.9999724340093588;732;0.9998809444255228;0.9998568090060789;0.888364496851536;0.010895696042761263;0.42020889294213626;-0.06255358128891879;0.9998809444255237;0.9998551075379012;0.8936269096164545;0.0109602389754666;0.422212268894315;-0.07422452550248063;0.9534562544827484;0.9105360129374002
23214200631;119.0442474628692;30.702529270212946;30.68916952213852;46.38847603153694;-0.2646915339445954;0.0087212428792997;76.87785397589961;3.150946991116438e-05;1.4210854715202004e-14;0.1233564754928203;1.4187675600190196e-16;100.163375;0.0002554342590065;81.5306769125683;0.999954750166306;0.999954750166306;732;0.9996751156938047;0.9994173012119857;1.7925690389490752;0.021986436355378072;0.7561507830205855;-0.24925628372273326;0.999675115693805;0.9994339704149683;1.7667430816325957;0.02166967267458373;0.7534759680592359;-0.21367096449935202;1.2306527211911196;0.9108204764879526
23214200651;120.48994850499398;30.046163538843988;30.028008676878606;31.86117848508273;-0.2725114989423813;0.0089031656701661;65.51742257828768;8.496403087010513e-05;0.0;0.1152092243365535;0.0;109.02;0.0007374759387486;81.52664806641445;0.9999512699978588;0.999951086428552;732;0.9996490927002678;0.9993109567013613;1.9502731951297834;0.023921910705086546;0.842114907693182;0.2932791846052888;0.9996490927002682;0.9992836424971215;1.9885526866083123;0.02439144419366252;0.8480398079868425;0.3423630084727049;0.8932177679634051;0.911323581527284
23214200671;123.13402792800626;31.277268462349767;31.268927276644305;43.04206086753837;-0.2672038819643251;0.0086409800244498;73.95699185610763;3.1356596509877107e-05;1.4210854715202004e-14;0.0939661153428079;1.29426047051141e-16;109.7990322580645;0.0003337011048661;81.51460307597391;0.9999686708386054;0.9999686708386054;732;0.9997339096455155;0.999567130712812;1.547088809643713;0.01897928409467666;0.6721875150969633;-0.21032079387921418;0.9997339096455146;0.9995754345899758;1.532177790027216;0.018796359574973127;0.6708420261148279;-0.18852596331133004;1.0655745348343233;0.9122238868271006
23214200691;125.38009208209286;30.501278293792645;30.506111509120725;30.136235350222105;-0.2686433974648302;0.0088677493662563;56.38034685261507;7.796155946889997e-06;1.4210854715202004e-14;0.0135501977398944;1.950633240305483e-16;72.85252000000001;0.0005753536661636;81.48599087431694;0.9999480192917876;0.9999480192917876;732;0.9996324098637187;0.9996126757884665;1.466469310816706;0.017996581928770693;0.6812344733752058;-0.03365999235953504;0.9996324098637196;0.9996110573061796;1.4695300287584385;0.018034143206591486;0.6831362685913194;-0.04657755018493177;1.1875578525332706;0.9144347153203273
23214200711;127.67976660050272;30.809554001486944;30.79578272501928;32.97145162119704;-0.2725285642228332;0.008819909506365;58.36274379481085;1.5851722766390125e-05;1.4210854715202004e-14;0.0358748804185314;2.029068918780538e-16;70.03633333333335;0.0004418613409008;81.46899100637523;0.999939116180493;0.999939116180493;732;0.9990758002788875;0.998255885049218;3.1154073499765587;0.038240406705574236;1.2507482653981936;-0.4347192278474743;0.9990758002788866;0.9982869061405191;3.087577496027705;0.037898806133318766;1.2504258019873975;-0.39810984890909223;1.304097331613718;0.9156614913941059
23214200734;129.69129107001078;30.82157704285146;30.819625743003936;24.059660744823045;-0.2637280025521372;0.0088393234168623;46.52189215314258;0.0001383539650035;1.4210854715202004e-14;0.1025950639872684;1.7732905245349092e-16;80.13833333333332;0.0013485440685598;81.46218123861567;0.9999705906669126;0.9999705906669126;732;0.9996351043973088;0.9996002508385141;1.4925289774069184;0.018321740895140826;0.627548061439829;0.06723604392205543;0.999635104397308;0.9995993834408657;1.4941473855592855;0.01834160788283695;0.627071066850903;0.07238912041540738;0.8807464538148632;0.9163744173131352
23214200741;132.16690770423332;28.59781463341625;28.58807372385783;35.16896722571136;-0.2647019842347435;0.0087609182602678;58.17356796370133;6.255551118068814e-05;1.4210854715202004e-14;0.1106445477695676;1.735822552650397e-16;81.86813043478263;0.000565373644176;81.46050011879306;0.9999560963412096;0.9999560963412096;732;0.9997186578172401;0.999718072187157;1.2540621029953871;0.015394726292701376;0.5909714617248437;0.011789892754503904;0.9997186578172406;0.9997182112028344;1.2537528823708446;0.015390930334855652;0.5879449217379784;0.03953273010525782;1.1401571612017058;0.916859967644384
23214200761;136.52549450706766;29.75866198281898;29.7431653069467;34.38785690059153;-0.2610129578764113;0.0087388758477575;64.87557911501175;7.054331092210219e-06;1.4210854715202004e-14;0.016084969350206;1.764987671315472e-16;80.51531999999999;0.0004385666480688;81.56217730418943;0.99984806580519;0.9998477598563484;732;0.9992910176766303;0.9992485227952325;2.0517175302768313;0.025155256984188492;1.0493710887974892;-0.05669131633265827;0.9992910176766321;0.9992555706471685;2.042073681106126;0.025037017752605226;1.0413229432865114;-0.01418869464877725;1.232851537019331;0.9176368655117789
23214200781;145.5975883172705;26.57086436723086;26.56656099657777;39.72575375916582;-0.254556138683092;0.0086489842780553;67.30837396162809;5.8249518168800935e-05;1.4210854715202004e-14;0.1215259993272889;1.5526483938136194e-16;91.5265476190476;0.0004793173353129;81.62307074551133;0.9999288362994102;0.9999288362994102;732;0.9996420525458737;0.9995852687271531;1.5318703982775994;0.018767615384794146;0.736353021310586;0.1552332609003467;0.9996420525458743;0.999582158014191;1.5376046017805538;0.018837867624149768;0.7364222492084913;0.16842764916550215;1.1694325909275205;0.9215644269393505
23214200804;147.02034961874676;31.20641829444676;31.20831042191012;36.309857146110495;-0.2565189467119538;0.0087693424833049;80.24268071851414;4.58072522144882e-05;1.4210854715202004e-14;0.1605982563085592;1.604640272264541e-16;88.561;0.0002852288266846;81.5664264571949;0.9998929867430606;0.9998929867430606;732;0.9992974304903558;0.9991947089391996;2.139977826776604;0.02623601302307438;1.023940980117734;-0.11796493493746166;0.9992974304903567;0.9991932693519824;2.141889749868192;0.026259453097313642;1.0245392480845714;-0.12291767507003941;1.3160707067967239;0.9245308315053339
23214200811;148.02841037192758;31.084031096894467;31.098672390348884;29.48043571980643;-0.2456779922857652;0.0085831349372097;62.846861880489335;0.0001100763811953;0.0;0.1674833301362693;0.0;89.75133333333332;0.0006572378343909;81.53044520340012;0.9998922448179378;0.9998922448179378;732;0.9993299831820595;0.9991768459808944;2.1652685571049557;0.026557791407897966;0.9600638151368986;0.24867455342830033;0.9993299831820583;0.9991908143451529;2.1468183825632745;0.02633149343423117;0.9577392298561854;0.210388970298133;1.028701125334767;0.925659801331589
23214200831;149.86260025504893;30.78008725598281;30.779079498404315;28.674803857330968;-0.2508444155579918;0.0086119655667154;52.04867891569242;2.3313299013390625e-05;1.4210854715202004e-14;0.027466997982284;1.69271754938805e-16;83.95290000000001;0.0008487749199394;81.47157459016393;0.9999495796308804;0.9999495796308804;732;0.9997424253558012;0.9996638263489415;1.3844012378866186;0.016992444847797966;0.6528357047320591;-0.15843824447903054;0.9997424253558016;0.9996645413744274;1.3829281761467678;0.016974364164476684;0.6524841730087418;-0.15576563139048882;0.9615329878184484;0.92677440995543
23214200851;151.2010402793418;30.66193954003848;30.664105403350423;32.03763125520057;-0.2522528853401016;0.0088057322918231;56.32776779655996;3.878560216199264e-05;0.0;0.0720789074322468;0.0;75.75744444444445;0.0005380991963349;81.4043327261688;0.9999290504635996;0.9999290504635996;732;0.9996147640088796;0.9994624085867063;1.7509575266327846;0.021509389832144767;0.8229019178455791;-0.19790553283347448;0.9996147640088796;0.9994602733500091;1.7544313578950292;0.021552063620454413;0.823667237293464;-0.20366965919562574;1.1664252892870735;0.9276879790350772
23214200871;153.0138866811803;31.01900456492237;31.00936603272472;28.176103499008484;-0.2486538085598304;0.0085274079569508;53.92179605037613;1.792812205001028e-05;1.4210854715202004e-14;0.0270669711083311;1.957635407541231e-16;72.59193749999999;0.0006623615911161;81.2838105362022;0.99991717964854;0.99991717964854;732;0.9995768421574392;0.9994390804648099;1.7892422261285124;0.022012282818995296;0.8330827393393502;-0.18194881600958263;0.9995768421574379;0.9994477029134046;1.7754368613003335;0.021842441312585722;0.8298872431143784;-0.15663496872351865;1.1309506589403904;0.9294259657038633
23214200891;155.46086994830176;29.54426530045007;29.543163920957976;35.914817366495946;-0.2448352458109796;0.0086503027402198;59.39937363993824;5.431713074198505e-05;0.0;0.1183624664131214;0.0;78.36658823529412;0.0004589050261288;81.10779251044681;0.9999133858829024;0.9999133858829024;732;0.9996360187605994;0.9995155162051995;1.6642518994959437;0.020519013623525574;0.7903759929118582;-0.14298816069567277;0.9996360187606;0.9995164794822218;1.662596598240399;0.020498604964822014;0.7900937413012988;-0.139959216071806;1.216260566560029;0.9322166430956225
23214200911;157.47823768012455;30.11108457508532;30.10912046648004;25.628132857053128;-0.2498903958120086;0.0084793974545531;48.8587248123381;0.0001032487754803;0.0;0.0832625565096783;0.0;85.37371428571429;0.0012400384975968;80.91524785323965;0.9999505204231904;0.9999505204231904;732;0.9997374471186906;0.9997280722578071;1.2484569256143503;0.01542919238014007;0.6426100078026947;-0.004319935914903893;0.999737447118692;0.9997276730301659;1.2493730434531285;0.015440514323322396;0.6424717456762223;0.0009583468727537467;0.8724799933163268;0.9356564929916534
23214200931;160.57569175467026;31.751526666641837;31.74518185656086;32.25538290641216;-0.2487365327448619;0.0086533513071968;58.56485346153478;2.230141489044749e-05;1.4210854715202004e-14;0.0449192491633744;1.7537324019065374e-16;81.0320588235294;0.0004964779088211;80.60889677756347;0.999923512789564;0.999923512789564;732;0.9994328550854442;0.9989295986855035;2.4826070853577207;0.030798177181463732;0.9708610522635758;-0.32067305565152143;0.9994328550854444;0.9989403094340727;2.47015501102645;0.030643701995360744;0.9694987877437813;-0.30450114820536694;1.120793889314032;0.9413512340276426
23214200961;166.76292762826407;30.455175977672333;30.445379375130265;24.196320280576405;-0.2556938018891613;0.0088426851712257;44.68619118692684;2.557058086060445e-05;1.4210854715202004e-14;0.0179512461853731;1.6854008707987426e-16;84.31735714285716;0.0014244460020519;80.23354391100703;0.9999697416595515;0.9999697416595515;732;0.9998243963940577;0.9997643595491265;1.1706054040871523;0.014589975053146817;0.5098815986079961;-0.09558733382942827;0.99982439639406;0.9997699455413835;1.1566472496386535;0.014416005990232423;0.5081216994101911;-0.06974763512165587;0.8169434361041111;0.950450769843713
23214200981;169.4224899596805;31.34990672936645;31.342898508337097;29.226204201143112;-0.248826668430697;0.0086935334749312;52.6911029554463;3.035830847880137e-05;1.4210854715202004e-14;0.0478099143902511;1.89118018185215e-16;75.14278571428574;0.0006349793524205;80.09385284933644;0.9999491513025022;0.9999491513025022;732;0.9995966695374265;0.9993608727199272;1.9338456930791696;0.02414474549896985;0.8212971706517531;-0.20831380110414283;0.999596669537427;0.9993689017388059;1.9216603609863503;0.02399260733031737;0.8190934450191223;-0.1903623814115605;1.0901553140185842;0.9550562576525906
23214201001;171.29045653695184;30.317671835270296;30.32471680630599;27.322010717866974;-0.241680522611568;0.0084921341301749;48.2047519225391;3.1136096555143466e-05;1.4210854715202004e-14;0.0415813598118292;2.1496747266101934e-16;66.10699999999999;0.000748799382609;80.02146482240438;0.999925593241688;0.999925623836572;732;0.9995526944006292;0.9993014745605252;2.02805990297404;0.02534394874518998;0.8686381146392861;-0.2213518424054824;0.9995526944006288;0.9992926035357665;2.040897094517004;0.025504370596645145;0.871557816297093;-0.23999800766175994;1.1424926655332432;0.9589217471357682
23214201024;172.15355181365751;29.595746461391045;29.60696757737247;36.36236386532671;-0.2456543980774106;0.0086650341659291;57.18134534479413;5.61440319915613e-05;1.4210854715202004e-14;0.150660340102639;2.128288314831954e-16;66.7712857142857;0.0003726530283504;80.00274160811865;0.9999002300827072;0.9999004136520124;732;0.9991878399255433;0.9986664056298389;2.8098258817199944;0.0351216199000217;1.2018026164363143;-0.28980829480637593;0.9991878399255433;0.9986456623319817;2.8315941774440474;0.03539371427187063;1.2065491786583413;-0.3202509131765665;1.4009571361317543;0.9617510337110232
23214201031;172.91377258807458;32.500591238070804;32.49453442102288;31.63182923718172;-0.2453817268915509;0.0087800010189352;66.52837130790462;3.502189956812763e-05;1.4210854715202004e-14;0.1042656574116849;1.91681117850522e-16;74.13800000000002;0.0003358910348576;80.018234375;0.9998207751685066;0.9998207751685066;732;0.9985502231731666;0.9979535817955549;3.4965496265792515;0.043696910509083586;1.5588460361303575;-0.22617029704732233;0.9985502231731659;0.997963891478644;3.4877308437652794;0.04358670084396347;1.5579439140553004;-0.21121593284335358;1.324020078031324;0.9659475315191222
23214201061;177.01530619173064;30.868930027332304;30.86749314496732;24.955549390670857;-0.2354329806798373;0.0085914701976341;45.01163576278519;2.3795317911348588e-05;1.4210854715202004e-14;0.0185758542921619;1.7007406933587403e-16;83.55685714285713;0.0012809810809825;80.28029781420766;0.9999518742471936;0.9999518742471936;732;0.9996421407130021;0.9994611047016119;1.8062348783802389;0.022499105354098218;0.7789022532258681;-0.20432833200929384;0.9996421407130047;0.9994625975486862;1.8037313285570444;0.022467920245281253;0.7783211615221027;-0.20058194559876796;0.8373601825860104;0.9691992112646006
23214201081;179.21027231681634;33.00012751407643;33.001932297808814;30.789754277658886;-0.2446112794968434;0.0090020713679169;58.7924492301694;1.5524095993143355e-05;1.4210854715202004e-14;0.027270291806076;1.5557964399696306e-16;91.34135000000002;0.0005692676889392;80.78361154371585;0.9998993428310664;0.9998993428310664;732;0.9990854253808181;0.9986813028133625;2.8384722846326174;0.03513673417654254;1.2188218966237991;-0.23586469901360027;0.9990854253808188;0.9986787382275574;2.841231056687224;0.03517088432162628;1.2191840642061254;-0.24029567076262212;0.9807409624209442;0.9675843898419821
23214201101;186.1965212607322;31.24200603222551;31.233681479390636;28.74609790093956;-0.2261969418078456;0.0084859944376549;55.57261848194157;1.1133868403886723e-05;1.4210854715202004e-14;0.0161721363168129;1.7847536654923192e-16;79.62361971830987;0.0006884599650765;83.65005753097822;0.999812269790706;0.999812269790706;732;0.9992182641784556;0.9991027997967826;2.3514322294826475;0.02811034802470804;1.1644371536893745;-0.1568494687592759;0.9992182641784569;0.9991094667861683;2.342679330292333;0.02800571092763165;1.1598421335701654;-0.13451879560957047;1.058966129412119;0.9384724779885907
23214201121;199.49611257070973;31.35956087797619;31.354496724839475;21.17023448619942;-0.1856135024972358;0.0079315797548638;51.8057505574223;1.0657120567239972e-05;1.4210854715202004e-14;0.010708070364728;2.0273432437600094e-16;70.09594827586206;0.000995241925412;85.88360061710948;0.9998548272745926;0.9998548272745926;732;0.998947421505122;0.9988882979278407;2.603790586056919;0.0303176691166602;1.23817631918752;-0.1404997070233273;0.9989474215051217;0.9988913111735096;2.6002594311588143;0.030276553526806818;1.238335640623045;-0.12660795582232515;1.0410870647818944;0.9092882963595975
23214201131;212.31115018188024;28.43957230926784;28.433642463992204;20.02597760769093;-0.1884492651608319;0.0080558759070565;47.81399744942563;1.4941808387290338e-05;0.0;0.0125037423741294;0.0;61.43301724137932;0.0011949869039372;82.96662484218956;0.999516837936702;0.999516837936702;732;0.9978836930383334;0.9977999062137133;3.6595839471846237;0.04410910958648133;1.8777485089185268;0.2608074644028153;0.9978836930383311;0.9977948175650344;3.6638136717442493;0.0441600906233461;1.8824794788299648;0.2780521928084398;1.1042917652988347;0.9403893319183353
23214300011;24.79436955708129;29.83572914734194;29.828783002102377;197.91295824509567;-2.4537253911141352;0.0109197236117805;123.66545919140694;1.001218325743763e-05;1.4210854715202004e-14;0.0326447024606604;1.1351242001692795e-16;125.19206896551722;0.0003067016239312;329.2369945355192;0.9997105035550068;0.9997105035550068;732;0.999046826590226;0.9990454255865698;5.328782885219864;0.016185249451501044;2.6801455220992723;0.0992936284294837;0.9990468265902256;0.9990451442017769;5.3295682236726645;0.016187634780202968;2.6828828153783784;0.17592115990445767;2.5686804291498477;0.5238591122253369
23214300021;29.344008938591347;30.57015743080763;30.5678419892924;181.0206886852488;-2.5143793423475422;0.0111610028836787;116.59799272558188;3.323786675542058e-06;0.0;0.00917040072227;0.0;121.09181818181818;0.000362447266614;329.23890244659714;0.9999580467647552;0.9999580467647552;732;0.9992105014683823;0.9991505220272348;5.041562002674024;0.015312777333449441;1.7190814250017201;-0.03992282989736112;0.9992105014683803;0.9991517432522602;5.037936778544689;0.015301766410674532;1.7222101632931746;-0.01498262918505771;2.4577934816699094;0.525385286840966
23214300031;33.324777075603635;30.66952896802394;30.66433688881811;170.04934007844074;-2.4142229641209245;0.0107800947825729;119.5555865620065;3.115274799589191e-05;2.8421709430404014e-14;0.0603780574555507;1.9465530409369442e-16;146.01045454545456;0.0005159614155991;329.2195973050174;0.999960379624994;0.9999604102198784;732;0.9994418274187215;0.9994140942598873;4.193091378360254;0.012736457406195698;1.4018280668899263;0.05308653728459855;0.9994418274187208;0.999411995099385;4.200596085561082;0.012759252851127474;1.3850387920292155;0.10881150774615335;1.9834533598434232;0.5261805264717926
23214300041;36.94824925071819;30.42147410632241;30.410350804097963;201.51848742540489;-2.41865160669659;0.0106869225953204;119.07194096034446;1.864059407642968e-05;5.684341886080803e-14;0.055077016361172;4.090939533112991e-16;138.9495454545454;0.000338445967265;329.1930067064083;0.999969160356752;0.999969160356752;732;0.9995850884659964;0.9995065187482529;3.851268534372684;0.011699120138987181;1.436758271574381;-0.35700015934842483;0.9995850884659959;0.9995151199005035;3.817558075694722;0.011596716813305277;1.4391000013821185;-0.23650355515281068;2.3072434482387285;0.5266448867768088
23214300051;42.05178240013175;28.620439990684854;28.661515073574417;197.7953809058297;-2.513844079886605;0.0110342833239461;121.09919719568256;3.1948912441834734e-06;0.0;0.007489187757539;0.0;147.80216216216218;0.0004266005002968;329.1541018682617;0.9999619323150748;0.9999619323150748;732;0.9996396234517333;0.9996276219647212;3.3474097156225024;0.010169734165920393;1.2468069760277887;0.049384083912706614;0.9996396234517331;0.9996097427744238;3.426828108762104;0.010411014443725917;1.3033905772889907;-0.4229358233542017;2.1575772196866434;0.527008442632916
23214300113;61.654901376901854;29.30750166798717;29.29829044617135;192.14639091594776;-2.5082302331800124;0.0112203819847998;120.38705397862174;2.2085569287498767e-05;0.0;0.0249239675699323;0.0;252.8504;0.0008861177188395;329.1813043715847;0.9999885269184344;0.9999885269184344;732;0.9999158152373482;0.9999140303829497;1.6086493326544784;0.0048868186354794054;0.4968756241199909;0.021913847284158117;0.9999158152373477;0.9999142622596716;1.6064784483030161;0.0048802238370427;0.5114013759714539;0.1253672290574576;1.2360409352509216;0.5270523150162516
23214300131;47.64203457549121;28.70323878584203;28.69485492601209;173.5361702584139;-2.496274150620166;0.0110899585895674;108.99230891757765;3.433187215388329e-05;2.8421709430404014e-14;0.033682692870177;1.360573945302856e-16;208.89499999999995;0.0010192733783551;329.1353702185792;0.9999827444853256;0.9999827444853256;732;0.9997770923787923;0.9997418845097233;2.7879567329952524;0.008470547334805635;1.2750349885966485;-0.0953204795593731;0.9997770923787921;0.9997455713026768;2.7679742294521206;0.00840983522255267;1.294158624618439;0.000843719300584255;1.3524903859642;0.5272352508382494
23214300151;56.16944160099055;30.21264191234616;30.22506196919526;132.62469264480575;-2.4856739046674163;0.0108222925581716;89.32749306133647;9.653089642185902e-05;2.8421709430404014e-14;0.0534036596345022;1.5082630773935472e-16;188.44000000000003;0.001807570812235;329.1590968427444;0.9999814595001902;0.9999814595001902;732;0.9998408703104121;0.9998395568659606;2.1977351704988224;0.006676817355434626;0.8300222352841211;0.03534226466991814;0.9998408703104099;0.9998381688906942;2.207220877971116;0.006705635357316633;0.8226229630467046;-0.09995658652316378;1.1778400854709346;0.5271193122263848
23214300171;53.04701479245213;32.169450013790524;32.16128859346473;168.97125123567406;-2.433091172258769;0.0106642408298642;126.66472903678128;3.744574161986112e-05;2.8421709430404014e-14;0.0810941713994512;1.8750656526881926e-16;151.5771428571429;0.000461756264028;329.15239851678376;0.9999511552666686;0.9999511552666686;732;0.9993935321184968;0.9991555608614463;5.041956921648313;0.015318001461840234;1.7283029982061235;-0.40532384674242344;0.9993935321184972;0.9991653664713885;5.01259789353747;0.015228805611397887;1.7367019126836782;-0.3217147364633806;1.9503994777832916;0.5271302380788927
23214300191;51.77081486832031;29.28838416355985;29.27378952628808;182.7196722853454;-2.5252385947087057;0.0110739760459309;102.01971121317132;4.711825588915868e-05;0.0;0.0847817849847053;0.0;142.26722222222222;0.0005557591869251;329.1436976320583;0.999969657522924;0.999969657522924;732;0.9997754628833259;0.9997436919313328;2.7777962346686613;0.008439463537211311;0.9458537054265167;-0.16468235901557798;0.9997754628833256;0.9997499091836892;2.74389897763262;0.008336477342184925;0.9484255716704448;-0.0005853460262548134;2.001440521933803;0.5271493824433411
23214300211;49.96286746788944;31.87820228041845;31.841246422510803;175.14110117342994;-2.467086558691765;0.0108736669270765;111.22902317567764;7.961059218415128e-06;2.8421709430404014e-14;0.0125103630433956;1.585033401393318e-16;179.31300000000005;0.000636357169716;329.1381543715847;0.9999797308889246;0.9999797308889246;732;0.9998233640899165;0.9998233367175823;2.306312791765232;0.0070071268284548115;0.7736981640770411;-0.013370460550073907;0.9998233640899158;0.999817835061;2.3419491246195867;0.007115398483931504;0.807914003699423;0.3682093059241949;1.597040506539446;0.5271895955389766
23214400013;64.19734520736233;14.306153387270191;14.3070887654309;261.62428469942125;-1.726108632957952;0.0148143002950106;162.86417684027845;2.7774036801655543e-05;0.0;0.0764383789777548;0.0;277.70508196721306;0.0003633519859145;161.9374303502643;0.9898113834569116;0.9898144735402132;732;0.9792216788360505;0.9777921409416901;12.317327308053766;0.07606226232818362;8.53535326394444;1.7762464373858664;0.9792216788360514;0.9778014651897233;12.314741244434552;0.07604629280456193;8.532601204666324;1.7657746306346143;1.5285584928179912;0.5104061424860913
23214400021;72.14723016470319;24.63466818910417;24.632213878898035;109.21175925248583;-1.5469810609796906;0.0131239997034276;67.1956407488142;2.3240773868231875e-06;1.4210854715202004e-14;0.0030097767180572;1.1736527122581775e-16;121.0822807017544;0.0007721760132171;161.96850165372447;0.9999908521296316;0.9999908521296316;732;0.9997754176077406;0.9996593378891414;1.5297042311838491;0.009444455036413394;0.5559491811410796;-0.10587213873575288;0.9997754176077401;0.9996619417702188;1.523846801742953;0.009408291033035632;0.5592099277209038;-0.08972494378683135;1.4569216815119341;0.5116994931260018
23214400031;81.96541306715477;25.584166346537224;25.5890909977929;111.70270501109314;-1.5726514781047118;0.0131017214560787;70.52640771997723;3.151488191863094e-06;2.8421709430404014e-14;0.0039451994295059;1.993406020139702e-16;142.57862745098038;0.0007988159402775;161.9889579717133;0.999990515585906;0.999990515585906;732;0.9999067406141392;0.9998957781995335;0.8479826089267499;0.005234817357580791;0.29226671895393985;-0.005533831757139153;0.9999067406141396;0.9998942714181928;0.8540904447767348;0.005272522618028552;0.28813534787171835;-0.03671586703111002;1.2780955742733746;0.5127695743723839
23214400041;93.43118384269115;24.900469142276368;24.896668392684305;116.5123404433303;-1.5963165162332582;0.0135018731331618;74.12123446291058;1.8211277327907904e-06;2.8421709430404014e-14;0.0026205884515884;2.0582955914604226e-16;138.08371134020624;0.0006949308395551;162.00755846149514;0.999987915020751;0.999987915020751;732;0.999918280480777;0.9999113948107962;0.7838757501281827;0.004838513446979012;0.2658497280201586;-0.035279167553414155;0.9999182804807777;0.9999123273978138;0.7797396148219679;0.004812982938739189;0.26500533210450555;-0.010545326375710783;1.3805652604206584;0.5140227890195176
23214400051;106.0498154138472;25.106654594085573;25.118960498479822;109.68138983440991;-1.538243407988236;0.0127468258839615;68.06374680091903;4.246539726436796e-06;2.8421709430404014e-14;0.00496711711877;2.0749413126214142e-16;136.97596774193545;0.0008549304606468;162.00081797549797;0.9999845113397684;0.9999845113397684;732;0.9999266594484649;0.9999230561153746;0.7319860397268821;0.004518409529497514;0.2693171131008881;-0.02935749382695553;0.9999266594484651;0.9999194076684048;0.7491393404854916;0.004624293567448506;0.2920082409421544;-0.10877579469363934;1.2976373853419683;0.5151082868880281
23214400061;118.62920554597088;23.99999814460167;23.998820535507143;102.77460617962764;-1.5728090940206776;0.0131953823169348;65.39363636328949;8.513783797654823e-06;0.0;0.0072152002821502;0.0;141.985873015873;0.0011799788591755;161.98015521727817;0.9999768932135504;0.9999768932135504;732;0.9999014242784595;0.9998943038935079;0.8582206718735487;0.005298307503918256;0.3269354475301977;0.030391203396152797;0.9999014242784582;0.9998944831855743;0.8574924640353868;0.005293811843093724;0.32812616451266335;0.03833760046710622;1.1844012292977846;0.5153563902787504
23214400074;130.2854472023441;25.26419042833408;25.243149916460705;98.346315480539;-1.563027440458394;0.013051382060493;61.50366004516018;1.8892647028952167e-05;0.0;0.0097946776442392;0.0;195.7842857142857;0.0019288686892175;161.96516978922716;0.9999952501441954;0.9999952501441954;732;0.9999277921328771;0.9998792941446721;0.9170439111065003;0.005661982216916713;0.3330846993646271;-0.12409347495138146;0.9999277921328764;0.9998921932423135;0.8666604042379151;0.005350906033474609;0.36210796821238445;0.01089763342909535;0.8164596813401734;0.5153524346404728
23214400091;136.60852581173833;23.77462090052065;23.781538367966835;131.47319153278067;-1.604600430322069;0.0135008405518781;81.03531119950257;2.1040848071659565e-05;0.0;0.0267296703923713;0.0;186.77083333333331;0.000787171998861;161.9595722620674;0.9999978583581078;0.9999978583581078;732;0.9999763438700005;0.999975959083224;0.40895032486995414;0.0025250148488181363;0.14076102573084492;0.036815092227058366;0.99997634387;0.9999758002115975;0.41029935035423704;0.0025333442452560324;0.12922504494260134;-0.010297978732344339;1.1378034725208839;0.5149777007549651
23214400101;151.10182125802402;31.96711062373372;31.95711662980013;50.09059044418293;-0.8932541308506518;0.0128494521666243;37.76024835223039;3.2540790441753126e-06;1.4210854715202004e-14;0.0026822094856096;1.489413089229614e-16;95.41244680851062;0.0012132083872023;97.41244483199628;0.9991819539869464;0.9991819539869464;732;0.9992420433208139;0.9992362922298667;1.4787036895198213;0.01517982319476827;0.6719138814856598;0.06726302559024129;0.9992420433208132;0.9992357198084946;1.4792577516095404;0.015185510990518337;0.6795764255752001;0.09769640344189046;0.9207482014660707;0.5492917908827444
23214400111;176.1799915392646;33.00274642004539;33.00287985371409;44.299646588622174;-0.8425271177497008;0.0123002722737424;33.963404470728776;2.031874114981248e-06;2.8421709430404014e-14;0.0012789844766996;3.0981527127812367e-16;91.73760000000004;0.001588662061188;97.35053770491804;0.9999774821652476;0.9999774821652476;732;0.9998114176031714;0.9997967922885636;0.764751729206152;0.007855649770771812;0.2456386014738752;-0.026103539649416023;0.9998114176031698;0.9997967542902872;0.7648232272043005;0.00785638420942859;0.24569177175755716;-0.02649724392849774;0.8531185801607079;0.5510766639189881
23214400133;207.79826519250275;30.932902036160044;30.92500564715233;91.34403927913024;-0.861739248967537;0.0125997942818599;65.06647979860018;3.4872659285630206e-05;5.684341886080803e-14;0.0683076022498297;2.7904678026390193e-16;203.70569696969693;0.0005105238382996;97.32903411160788;0.9999672940688176;0.9999672940688176;732;0.9997187541119471;0.9995877286073219;1.0947355052888335;0.011247779403969968;0.43062301405895465;0.08814133584003751;0.9997187541119475;0.9995802298052348;1.1046467087117116;0.011349611334321942;0.42739670056422074;0.11296448097906775;0.7678259440186292;0.5539558971494659
23214400141;213.35053449616956;30.3720074581153;30.36653265506501;39.515343527948446;-0.834856734914266;0.0124424395115753;30.931653637719844;3.8046403416071566e-05;1.4210854715202004e-14;0.0178525307090516;1.835527358201059e-16;77.42110000000001;0.0021311490250948;97.37098214936248;0.9999680283460378;0.9999680283460378;732;0.9997342178231923;0.9996690631092745;0.983752832875643;0.010103141728267798;0.3297263397395477;0.0800948074354441;0.9997342178231914;0.9996651277482419;0.9895847320557455;0.010163035333645596;0.32854602461628607;0.0976322865605648;0.9099198689461266;0.5553718388362475
23214400163;225.9857998454189;35.88730502370336;35.86494755998114;76.26734379486639;-0.8326733330320998;0.0123454585331685;50.39685025360976;4.590414923355761e-05;2.8421709430404014e-14;0.0991739031326866;2.0307484693944183e-16;139.95681818181814;0.000462865207313;97.44899850968704;0.9999540770788544;0.9999540770788544;732;0.9997767369180879;0.9997322002320889;0.8860310567402488;0.009092254105127328;0.3717682876209912;-0.019883375737516727;0.9997767369180883;0.9997397299025327;0.8734860712566276;0.00896352024766881;0.37395629542772296;0.04083884871928411;0.9050233900282761;0.5556054107972672
23214400171;235.93453558653684;32.483303938107184;32.47602376981736;32.32682187528036;-0.835422836661902;0.01228091137321;25.073878473915137;1.298863399655848e-05;1.4210854715202004e-14;0.0041101060900687;2.05994999416309e-16;68.98640624999999;0.0031601700082494;97.57745175887976;0.9999778493038578;0.9999778493038578;732;0.9999301383873026;0.9999289329899791;0.4568219390070795;0.004681634237958132;0.20337120571906417;0.05423887622798797;0.9999301383873026;0.9999281149245574;0.4594436963882457;0.004708502713552727;0.20964894341546336;0.0760958093559372;0.8320581324555587;0.5553457576773725
23214400193;256.2196242878717;30.77016212928583;30.736615613640044;49.45199528136957;-0.8399212447531836;0.0122314882757279;37.602440795407176;3.890343030890867e-05;2.8421709430404014e-14;0.0159672550086824;1.9125782316828714e-16;148.60416666666669;0.0024364507417057;97.64789389799635;0.9999891923570828;0.9999891923570828;732;0.9999534040759536;0.9999253315475217;0.46835443881749683;0.004796359861142966;0.19021194006246056;0.02758816722462975;0.9999534040759538;0.9999068623889239;0.5230805991191002;0.00535680369784026;0.2075949298740246;0.13401663191012436;0.5858142340789686;0.5550641579201916
23214400201;257.52904432688825;34.975977145391546;34.93560742464245;169.121866998964;-0.8516820759745917;0.0126894850175852;69.29549814477483;2.8727991860978988e-05;2.8421709430404014e-14;0.3622298553789032;1.6351230830976875e-16;173.82;7.930873569471144e-05;97.65941666666669;0.9999332802058264;0.9999332802058264;732;0.9996720675893509;0.9995178057846289;1.1911027757597163;0.012196496932038978;0.4926965443569289;-0.10865177123490867;0.9996720675893509;0.9995490855427734;1.1518218654409218;0.011794273453141197;0.48979501851248247;0.004193385445348404;1.3716336735918697;0.5554233235268035
23214400211;261.70874429870577;19.704093821928883;19.70501037288385;17.50057274629379;-0.434990466268789;0.0125817275500105;14.707356183304954;0.0001728569838211;1.4210854715202004e-14;0.0161117032244939;2.8090059461692957e-16;50.59033333333333;0.0107286598699466;51.80329348816029;0.9937936670746212;0.9937936670746212;732;0.9918646908532932;0.987939770182908;3.298941503025076;0.0636820804410641;2.3467396155974973;0.6551805054887211;0.9918646908532939;0.9879483374378248;3.297769556291223;0.06365945742513325;2.3461350179189613;0.6528013119961001;0.6366419591937604;0.5798817637211183
23214400231;281.58522609877355;25.769565767100147;25.77842286829913;22.51126432936519;-0.3826123838800613;0.0115131775833433;21.399361955236586;2.0896164696267344e-05;7.105427357601002e-15;0.006858255149188;1.1136232136845526e-16;63.80459090909092;0.003046863122137;51.54809184053651;0.9999521801960356;0.9999521801960356;732;0.9998963409651699;0.9998961266440204;0.30804212263559916;0.005975820086386986;0.1542799158043346;0.006801588037969495;0.9998963409651701;0.9998956504874021;0.30874734962448996;0.005989501038750313;0.15573036297487308;-0.010913356319975679;0.6882048087600131;0.5863344773846432
23214400251;307.4469676947778;29.345999214726653;29.32966165435572;22.424356605236245;-0.3828404641776566;0.0115565432268761;21.288904430091627;2.624225745565266e-06;0.0;0.0008201571458546;0.0;80.24171875;0.0031996621121073;51.29696939036886;0.9999901178524117;0.9999901178524117;732;0.9999625166023769;0.999958284367767;0.19515793646151125;0.0038044730279553837;0.08143069638793135;-0.005277144628073384;0.9999625166023778;0.999959696858185;0.19182546237978915;0.0037395086816923123;0.08743652765420977;0.023283939416028687;0.5447697496550429;0.5890404163897914
23214400301;327.3438872749672;28.666919704689093;28.671058857811357;19.979266142929504;-0.390397387016418;0.0117313188185513;18.829635058708657;1.6483645367672092e-05;1.4210854715202004e-14;0.0058877493889244;2.6981440154933656e-16;52.66899999999999;0.0027996513232509;50.9872803030303;0.999977076782857;0.999977076782857;732;0.9999015714084859;0.9998902995670685;0.3168334020107281;0.006213969447432911;0.14028212513655003;0.005315798205065512;0.999901571408487;0.9998893334978447;0.3182254296761763;0.006241270916685143;0.13906802594191156;-0.00204537487293265;0.7368452258755274;0.5932871510746567
23214400321;336.4824518863355;27.73421588664897;27.72661419426981;18.88381458854776;-0.4045972134939545;0.0121334055882971;17.758143428011074;1.1972978040461116e-05;7.105427357601002e-15;0.0044691191305582;1.6848984456474502e-16;42.17124999999999;0.0026790465169286;50.82343698770491;0.9999605784911384;0.9999605784911384;732;0.9997642324598188;0.9996504420391421;0.5662279505297338;0.011141079472187496;0.22652401079426204;-0.047269366664920216;0.9997642324598197;0.9996574355667956;0.56053513520137;0.011029067855780264;0.22767066979685768;-0.033326175972352566;0.8688847974996908;0.5958921627419771
23214400351;343.70853687645325;27.52784686607669;27.5256118873468;33.51074382424445;-0.398987628101989;0.0118076496729078;30.53244888566809;1.9830811029082368e-05;0.0;0.0281866778156566;0.0;62.88417647058823;0.0007035526200986;50.460554805528766;0.9999350547081288;0.9999350547081288;732;0.9997536833466243;0.9997321409631532;0.4976551451832533;0.009862260672740902;0.22510496077668357;-0.024654805423144;0.9997536833466241;0.9997330801145663;0.49678195470326236;0.009844956255788767;0.2253613526116368;-0.020555924380847888;1.018430967921897;0.6025919503212536
23214400461;151.9512316860751;31.026333103680223;31.0101925510888;37.3690651380984;-0.7736879200681521;0.0156476164290416;21.36395963723431;4.813572675982563e-06;1.4210854715202004e-14;0.0031270223802039;1.9343848787128278e-16;73.46446341463414;0.0015393470499141;64.54374978341995;0.9991140333440792;0.9991140333440792;732;0.9984362366617037;0.9981023476615999;1.6970149550040323;0.02629247542478486;0.8218507161049601;0.08655123222842054;0.9984362366617019;0.9980790079329495;1.7074190801662306;0.026453670353761095;0.8214048093522156;0.12008322582994273;0.7994753115372661;0.6035637548600784
23214400481;172.6628204108232;27.56695053782046;27.576523789663597;30.84767644232448;-0.6917996978625384;0.0150586522205484;20.50159131822779;1.122277935696774e-05;7.105427357601002e-15;0.0049737150149233;1.1401712993933002e-16;62.31894594594595;0.0022564178533137;62.320993981686605;0.9999586969063644;0.9999586969063644;732;0.9997748332308192;0.999773956677362;0.5950716215777981;0.009548493750800307;0.2425808769653739;0.036866843548723896;0.9997748332308178;0.9997746211989564;0.5941962827423963;0.00953444810134133;0.2416509997661502;0.015237260903909516;0.8239752290594176;0.6350954875049271
23214400501;186.87704023808865;30.67039718024881;30.68555459655387;28.227587632608497;-0.5658036257532784;0.0135902017324727;22.02558464651808;9.560526787818325e-06;0.0;0.0064150411575368;0.0;55.5148695652174;0.0014903297660975;59.25413177120456;0.9999815206899586;0.9999815206899586;732;0.9995972797255614;0.999517795191542;0.8893598768057005;0.015009246616586126;0.1713776891594456;-0.0022296762910052094;0.9995972797255632;0.9995080555682209;0.8982966678979738;0.015160068016295105;0.16869790870772422;-0.03151437495024859;0.9052200369504693;0.6835072494428474
23214400511;205.4376252930713;26.021957916561355;26.02460174024847;20.1345289499544;-0.418834359211591;0.0130393322720443;17.915806737495267;1.4331781272405511e-05;0.0;0.0057490535081656;0.0;46.405276595744674;0.0024928940480462;45.052107196837575;0.9993891425425748;0.9993891425425748;732;0.9943801391319256;0.9937914461609703;1.6037693036833707;0.035598097480242764;0.6522280246985582;-0.024026638345263144;0.9943801391319262;0.993785823679927;1.6044953279858525;0.03561421269321848;0.6508673396235354;-0.02860636100637809;0.8199570927875657;0.4517847447739958
23214400531;238.31852798141892;27.69399389273577;27.695409197402498;17.843332466752074;-0.4032473821363403;0.0124572241486509;16.55244981605288;1.885541862425116e-06;0.0;0.0006807377169236;0.0;43.0188918918919;0.0027698507303901;44.95286137571998;0.9999814595001902;0.9999814595001902;732;0.9999465542258753;0.9999265058574894;0.175162549164293;0.003896582860438381;0.10273876979013409;-0.010982533811081939;0.9999465542258746;0.9999259133250269;0.17586723892864353;0.003912259054184107;0.10259492634859939;-0.013280416101578124;0.799550633922512;0.4545247664415614
23214400551;271.12683817207704;28.782192307716087;28.77742270152721;17.246059988188087;-0.4181592618811244;0.0130306289345108;15.746331456583276;5.61929998822667e-06;7.105427357601002e-15;0.0016771051152422;1.4934285060137863e-16;47.57795454545455;0.0033505949848677;44.86121888971684;0.9999836546830048;0.9999836546830048;732;0.9996072011550662;0.9993255559083534;0.5331363304866537;0.011884124945362553;0.363434103703088;-0.033746727789999174;0.9996072011550653;0.9993322144076618;0.530498088797325;0.01182531598397846;0.3632752981465062;-0.026307012858997905;0.6934386263548056;0.4576086571400934
23214400571;293.3423700420617;28.815958441642067;28.81491095608484;14.064909422443924;-0.3358793346402812;0.0114938990685839;16.00753639658681;2.4229499382182755e-06;0.0;0.0005924960610166;0.0;45.25084375;0.0040893941709259;44.17285429474044;0.9999862170044688;0.9999862170044688;732;0.999961007317156;0.9999395803757113;0.16486718098849354;0.0037323189461208055;0.09859246211665552;-0.015685470467811054;0.9999610073171566;0.9999400190382197;0.16426760098265858;0.003718745451371422;0.09870784267153954;-0.014079177993010714;0.664572046107554;0.4801641583650095
23214400591;311.6737847160509;28.71897240750037;28.7305819191939;14.382760878260562;-0.342317739762057;0.0116179892524696;16.32477623786215;8.785832879253444e-06;1.4210854715202004e-14;0.0021566306861796;3.000328245980169e-16;47.36433333333333;0.0040738699192012;44.16279986338798;0.9999907756422806;0.9999907756422806;732;0.9999605439839909;0.9999376573381923;0.16770751732418848;0.003797483806347659;0.1013288555289976;-0.011693252704721588;0.9999605439839925;0.999931999556324;0.1751522547690621;0.003966058658211739;0.10069806352834736;-0.029550587121500122;0.6483261761548287;0.48095368877582945
23214400611;320.6219767272213;29.22929301252307;29.233386914377544;15.885623168911174;-0.3364943042292957;0.0115624206053752;17.981694804821018;6.4917403432116265e-06;7.105427357601002e-15;0.0025044856796174;1.605020862344929e-16;44.27;0.0025920453033706;44.163115616911135;0.9999860869763152;0.9999860869763152;732;0.9999375276293283;0.9999121667371066;0.19922211251842906;0.004511052033705295;0.12031668094245584;-0.008048759155303394;0.9999375276293294;0.9999104281093814;0.20118421521279545;0.004555480572474762;0.11958962584391516;-0.014235443577537425;0.7650173474979038;0.48133598199096356
23214400631;331.1552339246514;28.527080387977865;28.52981856365832;13.459781043245597;-0.3366095000434389;0.0116922933623741;15.36492195906501;9.976579466938284e-06;7.105427357601002e-15;0.002248555414632;1.6669428763535918e-16;42.6255;0.0044368839664869;44.16937602459016;0.999992221250402;0.999992221250402;732;0.9999616946867691;0.9999373259835196;0.16839277730990954;0.0038124327863758188;0.09955160071166529;-0.016280732170096224;0.9999616946867698;0.9999360309501915;0.17012363201050687;0.0038516195455374994;0.09934945826753959;-0.020521898427240746;0.6762314342895828;0.4815688998489797
23214400651;340.6160999246316;29.013035922173422;29.009475704432653;14.191797929687391;-0.3480514551415644;0.0116770697019323;16.267348216648887;2.098678936243003e-05;7.105427357601002e-15;0.0044463290684089;1.3527576810503474e-16;52.5255;0.0047200261248184;44.17761714480874;0.9999928102019996;0.9999928102019996;732;0.9999763194963684;0.9999613060019135;0.13233510576985416;0.0029955238494660343;0.07937138336781752;-0.013222723698975822;0.9999763194963671;0.9999624849189823;0.1303035387256193;0.0029495375067084425;0.07981242537557613;-0.007800022934347177;0.5798925502152914;0.4815606353166259
23214400671;350.16556884078256;29.733217730230077;29.730244468537933;15.091490895766212;-0.3324365178222094;0.011455117502076;17.250727544695092;1.1818282661488386e-06;1.4210854715202004e-14;0.0002457060665427;2.21145051356752e-16;64.26033333333335;0.0048099270920662;44.187938524590166;0.999994928897678;0.999994928897678;732;0.9999834841540836;0.9999691108654488;0.11823779499836937;0.002675793416625923;0.0719044686604728;-0.008307231137145635;0.9999834841540818;0.9999699769056748;0.11656849171438763;0.002638016065164895;0.07233115582431385;-0.0038876958673897425;0.5032998859917931;0.4814483588849643
23214400684;359.03102510018186;32.55784078460356;32.54150769007322;11.529629970321752;-0.2938972396100398;0.0115033986083476;12.985678378918886;5.791320415147504e-05;0.0;0.006863489404668;0.0;68.23983333333332;0.0084378660382408;39.00820514571949;0.9999151221367388;0.9999151221367388;732;0.9997821752089204;0.9997449598337065;0.31768745451059605;0.0081441187392201;0.1448963768571981;0.02149008474656799;0.9997821752089218;0.9997356331530173;0.32344412651087745;0.008291694665330434;0.14839681679393182;0.041048313645446775;0.3592521721073074;0.509964336494873
23214400691;367.4299123733936;29.170331259108337;29.171733175451426;17.967624125359773;-0.2772717880217447;0.0115002793031755;19.097308963851155;1.99247539604122e-05;0.0;0.0099685388177956;0.0;59.190666666666665;0.0019987637430716;37.31175288403157;0.999993758643438;0.999993758643438;732;0.9999663156798211;0.9999297160145968;0.16308125378784294;0.004370774385612887;0.12084079766574204;-0.027895899087030985;0.9999663156798204;0.9999288723425815;0.1640571280098717;0.004396928992314477;0.1212059442114821;-0.02969043009215533;0.6261955672494406;0.5213509861316109
23214400711;382.0514272635832;28.42345374888427;28.41475509670953;10.489425677623414;-0.2619186214857316;0.0110677192176342;12.567700055856022;7.278155441498949e-06;7.105427357601002e-15;0.001267686242203;1.8546702925011102e-16;38.31099999999999;0.0057412908645681;37.30332222872756;0.9999954643081111;0.9999954643081111;732;0.999952918028007;0.9999091378663438;0.1859065698188237;0.004983646461270297;0.099481272836089;-0.024842261299381028;0.9999529180280077;0.99991419194561;0.180662202179154;0.00484305931443352;0.10073652211920633;-0.013418430751238745;0.6018408742522887;0.5228242950736205
23214400731;407.20849004901294;29.361068730160344;29.349612404000013;10.839894794403492;-0.2755057670305131;0.0113468824658352;13.063603262328588;8.28558048533718e-06;0.0;0.0015399792809665;0.0;41.779535714285714;0.0053803194547767;37.3570731264637;0.9999881368330276;0.9999881368330276;732;0.9999563458703866;0.9999127003094851;0.18216408450080593;0.004876294346833107;0.09961511202562764;-0.033142155059466244;0.9999563458703871;0.9999195438789479;0.17487831043167443;0.004681263701780503;0.09947853039133758;-0.018552955142838664;0.5721341237537674;0.5218955104804144
23214400751;462.0634858826848;24.939554838117758;24.9322768237965;13.46802737113402;-0.2752311680479309;0.0114150262339697;16.34274432813001;1.5495347218225678e-05;7.105427357601002e-15;0.0040344141430612;1.613399127357686e-16;44.04010909090909;0.0038407924096924;37.46496094386488;0.9999910356979828;0.9999910356979828;732;0.9999872338424768;0.9999866593406742;0.07142251074428535;0.0019063815614621972;0.04339812068179225;0.00553120267109275;0.9999872338424766;0.9999863559918871;0.07222997267617672;0.0019279340177186233;0.04810352773015951;0.01646284390896659;0.676900496266429;0.5219407218854344
23214400801;273.8136450065117;14.512301343919177;14.514860362302224;14.396415790996652;-0.2148527921443029;0.0101979666002414;18.587527610815894;0.0001223091740523;1.4210854715202004e-14;0.01108611981419;2.6069884947974297e-16;54.51061538461537;0.0110326404641446;39.05605235393023;0.997609254560848;0.997609254560848;732;0.9949421994245313;0.9930028158964144;2.26546275157787;0.058005420800033715;1.3224955118075565;-0.05928798011783893;0.9949421994245311;0.992985447495851;2.2682726731942084;0.05807736666877832;1.3217647679008513;-0.06618536135337544;0.6050921122259362;0.6934368731394767
23214400834;280.75958453977915;38.92773390938602;38.92179944365725;18.054234695933232;-0.1524583450085383;0.009502952500189;47.0802983057631;7.761992758294397e-05;1.4210854715202004e-14;0.3759017534984939;2.0879687800886472e-16;68.06066666666666;0.0002064899321712;36.040435245901634;0.9997552409228612;0.9997552409228612;732;0.9943185669210537;0.9744808073525645;4.4108893272875065;0.12238723803395504;2.0432409074736726;-0.7613918682753912;0.9943185669210521;0.974539751368097;4.4057922648505725;0.12224581181637036;2.042235526945113;-0.7557814933618751;0.9570069790926177;0.7661303528935262
23214400844;282.9610787646524;29.62152612512949;29.62831133307543;12.871615554439504;-0.1346985351756934;0.0086850828664013;23.38041956813368;6.638407115527931e-05;1.4210854715202004e-14;0.0281329476837122;1.968271513054355e-16;72.19966666666664;0.0023596557282802;36.0846533014572;0.9999953801724896;0.9999953801724896;732;0.9991460967075758;0.9985578500663522;1.0494880368675885;0.02908405487784491;0.3230498249065338;-0.08614416138373655;0.9991460967075758;0.9985445566345965;1.054313920284852;0.029217792713066636;0.32293192200704657;-0.0944295677911976;0.502108067755194;0.7658606363695266
23214400861;291.33704845031474;29.512792003156328;29.501120250950244;12.506745314510605;-0.1419084990222612;0.0088756239974519;22.14998079984201;8.215474198840332e-06;1.4210854715202004e-14;0.0030927826257718;2.0247171591578843e-16;70.18686363636365;0.0026563374129114;36.22586122702434;0.9999955025520262;0.9999955025520262;732;0.999934300615722;0.9998711076576752;0.31321604140589926;0.008646200001788817;0.09462678531299419;-0.05026789086962981;0.9999343006157209;0.9998787408455915;0.30379995561004947;0.008386272826094082;0.09452062633716242;-0.035921366487434145;0.4937779567115042;0.7615733167616783
23214400881;301.29997709552;30.041787998203915;30.0391667734874;10.59999674900784;-0.1367153452465586;0.0085620598179096;19.454711793459488;4.086417001028045e-06;0.0;0.0012413982836947;0.0;58.79299999999999;0.0032917856055557;36.357969687310266;0.9999942175668908;0.9999942175668908;732;0.9998694068910808;0.9996681714382397;0.5017638869686772;0.01380065749776462;0.16412608962383893;-0.07415463008473759;0.9998694068910817;0.9996712358529182;0.499441635025347;0.013736785615937821;0.16413253967472205;-0.07097583178079912;0.5111953556115071;0.7576051102193754
23214400901;308.9265911794629;28.94441040741706;28.93763426190076;10.272166201705398;-0.1369711267544822;0.0086675819034581;19.00492528379986;1.976215444860767e-05;7.105427357601002e-15;0.0056127133120229;1.297632429681527e-16;54.75685714285715;0.0035209627411889;36.39912273614364;0.9999913416477786;0.9999913416477786;732;0.9999089668218496;0.9997814238611711;0.407063395819151;0.011183329850280836;0.13367804890463764;-0.0665133981343354;0.9999089668218478;0.9997879919115045;0.40090077105650473;0.011014022891777496;0.13323650332048106;-0.05797646636367061;0.5346744319003692;0.7564317678399023
23214400921;314.87246355824163;29.11254868932153;29.09764662293393;10.80565142829636;-0.1354016373188868;0.0085915961178967;20.159491733361666;8.815604098849292e-06;0.0;0.0033354477645116;0.0;51.14033333333334;0.0026430046941958;36.42424503642987;0.9999892000058864;0.9999892000058864;732;0.9998602381911876;0.9997017388129148;0.47549528274478914;0.013054362067606903;0.15144545901841772;-0.07021903992844684;0.9998602381911874;0.9997172470419341;0.4629684758221432;0.012710448091898766;0.1512791287938176;-0.05153833518323366;0.6054935731417083;0.755887707634655
23214400941;323.48808356113466;28.828615489835894;28.83747634652151;9.777598965368847;-0.1360072250240823;0.0088598510190371;18.175327159352552;2.3981803005335358e-06;1.4210854715202004e-14;0.0007225252905526;3.069162078122217e-16;46.30206666666665;0.0033191645079983;36.41452256830601;0.9999894753598438;0.9999894753598438;732;0.9998585985692976;0.9997248667397407;0.4570704333653807;0.012551872196264894;0.14985094429703166;-0.05102295739197591;0.9998585985692985;0.9997160016485636;0.4643757057762708;0.012752486453864644;0.15015900831978501;-0.0622311256434103;0.6037079581340806;0.7567230473072986
23214400981;342.76234001010766;28.92470300179635;28.91384429083052;10.107279501553815;-0.1400284052980309;0.0088378301369676;18.479679196272453;5.3867724354344575e-06;7.105427357601002e-15;0.0015496656162799;1.3848036167610602e-16;51.31000000000001;0.0034760869563367;36.26961911592505;0.9999823467518312;0.9999823467518312;732;0.999882708996707;0.9997731633230527;0.4167738086996051;0.011490989397145627;0.1434446399887487;-0.057243759903059195;0.999882708996707;0.9997825975939657;0.40801483480754147;0.011249493232984978;0.14230317762881248;-0.04360618152448916;0.5571420521891695;0.7629582714549729
23214401001;357.16215924863184;29.1221730499896;29.115393092804688;10.186434414071773;-0.1350181170188018;0.0086641481242238;18.487045285342763;5.570229132688677e-06;1.4210854715202004e-14;0.0016521932226008;2.7522765856149687e-16;51.63309090909092;0.0033714150720943;36.08757605563835;0.9999851614811752;0.9999851614811752;732;0.999892375438255;0.9998006948738226;0.3927022280275301;0.01088192311453886;0.13637656488409242;-0.04894076895487903;0.9998923754382555;0.9998060358521621;0.3874046793635638;0.010735126093431132;0.13595932651457182;-0.04052779659660154;0.55533145884873;0.7708083641519531
23214401021;364.36940935400906;28.64036325783201;28.637485970774065;10.147184806298783;-0.1378326931141804;0.0088112816518754;18.18164937680415;2.490420111589477e-05;0.0;0.0080246662274207;0.0;46.323375;0.0031034563195657;35.97907354849727;0.9999802204070788;0.9999802204070788;732;0.9998351710711326;0.9997045006372218;0.4797183612888436;0.013333260531075567;0.16717626453977155;-0.04428619531622535;0.9998351710711328;0.9997071852166677;0.47753429500362876;0.013272556736624861;0.16726025580053203;-0.040667192797245885;0.6115451256110538;0.775636237392617
23214401201;200.11587526593797;19.334772939556693;19.32557263035439;8.10854082209651;-0.0346686350508714;0.009932024379002;12.90302396682193;6.932169056835387e-05;7.105427357601002e-15;0.0713905969902632;1.7871830443806335e-16;39.7576923076923;0.0009710199030526;11.660004066834803;0.9966270058044308;0.9966270058044308;732;0.9992743347004566;0.9981543888051825;1.1804727059387883;0.10124119161300056;0.28193642342847347;0.11863457919232576;0.9992743347004555;0.9981218885728845;1.1908210958379313;0.1021287033016609;0.2832798344011742;0.12412645480091355;0.528490552879801;2.3566068747546276
23214500013;63.360848493224495;21.595542625696524;21.592331531372054;216.1336083336334;-1.5478020936035866;0.0133096034787109;125.35488540352486;3.672835590032578e-05;0.0;0.2113317509682463;0.0;171.45433333333332;0.0001737947834721;167.42845726320584;0.999378985041029;0.9993813102522262;732;0.9993868156407865;0.9993299925635218;3.03752781763785;0.018142243363460642;1.7571665743274365;0.08864908492902228;0.9993868156407876;0.9993318513001338;3.0333115320710804;0.018117060753313662;1.7611898983396561;0.11353125240277649;1.991716902676656;0.7008921192467814
23214500033;65.2475266165564;23.61943106197201;23.63495315804594;122.62507871415836;-1.4747863786178883;0.0127224831498246;101.54366648458732;1.979536609442365e-05;2.8421709430404014e-14;0.0511964520353631;2.369759405545005e-16;119.93499999999996;0.0003866550377504;167.52981702527325;0.9999763807494172;0.9999763807494172;732;0.9989892924727121;0.9988399415189776;4.0197813885192115;0.023994423559316577;1.0721024428389692;-0.09148648961445846;0.9989892924727121;0.9988209636882854;4.0525285548613965;0.024189894233872643;1.0566367145229552;-0.2016429946703524;1.869085297859221;0.704482775570453
23214500041;66.18268393758879;22.888766704288727;22.88423790185673;136.63293271008803;-1.497850055991138;0.0131390500445299;94.0661519819426;2.262619234818025e-05;2.8421709430404014e-14;0.0800909501137549;2.841119728740766e-16;100.03700000000002;0.0002825062296806;167.5522061899378;0.9999797461866764;0.9999797461866764;732;0.9988697075684109;0.998509411671556;4.570401808602292;0.027277479136390885;1.3280908629552057;-0.28007066130349917;0.9988697075684091;0.9985182087009558;4.556895243762287;0.027196868053152183;1.3339868772966408;-0.24686313931720624;2.30613757601718;0.7065214866758648
23214500061;67.50884773913398;22.35289815975432;22.36897337033628;138.10732208812763;-1.5093507191295763;0.0131202320419365;99.99367067572196;1.6915935902847313e-05;0.0;0.0701894189319434;0.0;92.61417391304347;0.0002410040738369;167.55942141838918;0.999971210213992;0.999971240808876;732;0.9985498369588679;0.9980801522042794;5.207107659605728;0.031076185484096346;1.5263848685349473;-0.29804359609861714;0.9985498369588679;0.9980418804226846;5.258752870025902;0.03138440575594378;1.5086631795067817;-0.41875922225935064;2.5708915029291886;0.7092417703928815
23214600051;74.26412787481699;31.681604624229777;31.679467354224883;25.137590410579225;-0.3180846316917781;0.0122005734716022;23.588551853612007;3.966878684394206e-05;0.0;0.0440637803347074;0.0;65.55271428571429;0.000900258365093;40.79771048009368;0.9997585222039268;0.9997585222039268;732;0.99914614379554;0.9989178232873276;1.1063167293214868;0.027117127806995177;0.3322766764299617;-0.037659887198582716;0.9991461437955398;0.9989200582184652;1.1051737461182922;0.02708911194066973;0.33346988187170545;-0.034905095790131915;0.743312352434657;0.8243176443876702
23214600071;78.11735735969917;28.545612772053275;28.547390562186823;32.04660638154783;-0.3258318283935624;0.0122027673706869;28.613330418893906;2.412819332378852e-05;7.105427357601002e-15;0.0531719643208692;1.1965423366284966e-16;59.383;0.000453776602613;40.78279404252792;0.9999776198398356;0.9999776198398356;732;0.9998164555819679;0.9998162076492064;0.4564417556416431;0.011192017770181951;0.10354569600946431;0.011656654508592108;0.9998164555819674;0.9998162948626937;0.4563334469969763;0.011189362026572187;0.10394124883947442;0.009117471820142818;1.0215034067063258;0.8255524578319091
23214600091;80.7968825271194;32.91498612170818;32.89071383017418;32.43571220446906;-0.3088176972892368;0.0119617482491652;31.065380029581423;4.963545979300423e-06;1.4210854715202004e-14;0.0174590496008046;2.4943302138713123e-16;56.972627906976754;0.0002842964590163;40.75710585843182;0.9999732830147432;0.9999732830147432;732;0.9993947752872041;0.9986188941098579;1.2525515609769422;0.030732102650458795;0.29397486436382747;-0.13400389727823842;0.9993947752872041;0.9986664034572558;1.230819460542256;0.030198892551827852;0.3038513584303821;-0.10384982297695956;1.1145894891443875;0.8269491143474258
23214600111;84.36114655583977;32.32148380721626;32.310123283904005;21.09339182720097;-0.3152094464240677;0.012157365297509;19.74522373753261;2.683127156875628e-05;7.105427357601002e-15;0.0205180197869298;1.2311231668718703e-16;57.715;0.001307693035068;40.74835538641686;0.9999939422114806;0.9999939422114806;732;0.9998206727282785;0.9995994611770271;0.6747975523882316;0.01656011748177621;0.16952079400050116;-0.06852424666432023;0.9998206727282802;0.9996113914472428;0.6646719744080518;0.016311627011813462;0.17546470283017127;-0.054177717421698926;0.7075910173219018;0.8274487511498799
23214600131;86.6152424986999;30.442307132858392;30.46152105810669;40.78512786721049;-0.3286533672701529;0.0124570216394478;29.725376281216075;3.804181902271191e-05;0.0;0.1811863318697144;0.0;54.44612121212121;0.0002099596510959;40.75232550919026;0.9999237422430352;0.9999237422430352;732;0.9996013016204897;0.9991732784551713;0.9692346424049222;0.02378354192784275;0.2721391400806187;-0.07336874529822195;0.9996013016204897;0.999142451958266;0.9871394996027304;0.024222899853411202;0.26402335115806363;-0.09913623506804067;1.2950510078343098;0.827174054849444
23214600151;89.82517555859313;30.708277821354194;30.703293394097688;18.561939999590585;-0.3110846212737588;0.0119721430325939;16.982682207664862;5.274671622517816e-05;0.0;0.0274680835200159;0.0;50.4136;0.0019202910966373;40.672011748633885;0.9998889175945824;0.9998889175945824;732;0.9996099663732455;0.9979570776512273;1.5264081737992918;0.0375296944550711;0.5672314630646896;-0.21560370632902512;0.9996099663732455;0.9979730749800017;1.5204200743625294;0.03738246545952077;0.5673997348909615;-0.20896701552816443;0.7050601862841663;0.8303268827633461
23214600191;94.9543005758206;32.29551134239457;32.31916220302556;22.12555269710811;-0.3052598481766094;0.0117429282945797;21.381309656166223;3.3996841396742653e-06;0.0;0.0030924992091552;0.0;59.96169999999999;0.0010993322583914;40.67419863387978;0.9999947529759572;0.9999947529759572;732;0.9997725398302183;0.9994564912645895;0.7874807176721834;0.019360694103909087;0.20494842389201956;-0.07489336236038698;0.9997725398302185;0.9994249501722228;0.8100081768203391;0.019914545437304292;0.19480475961998897;-0.10473500460673546;0.725577532879727;0.8304579728941179
23214600211;97.53267244048752;32.33606731311228;32.325607393841274;23.56683122895;-0.3101976963803532;0.0119611512027335;22.7227542886451;7.209237974066695e-06;7.105427357601002e-15;0.0080114720389987;1.1757364142458763e-16;60.43384615384615;0.0008998643369125;40.6835411937789;0.9999854597770031;0.9999854597770031;732;0.9997923576120289;0.9995838491536406;0.6892065548492686;0.016940672680544788;0.17667198126527758;-0.06701068793815945;0.9997923576120284;0.9995945217356484;0.6803114768204472;0.01672203197799499;0.1813564332150356;-0.053828890695954645;0.7659546506399209;0.8304342643512127
23214600231;106.3228881531258;31.32865999019288;31.33333882424917;23.04879425663583;-0.2933516728249015;0.0115085332416603;22.46772778370343;3.5811975705742197e-06;1.4210854715202004e-14;0.0044241909807759;2.7947994142108383e-16;50.84749425287357;0.0008094581780342;40.76010900697192;0.9999646093615208;0.9999646093615208;732;0.9996902333770343;0.9995426006332078;0.723553296150271;0.017751505424740372;0.16761545824062657;-0.05309135534446106;0.9996902333770341;0.9995383382119676;0.7269168089029732;0.017834025144011164;0.1670077792344571;-0.059186674833429855;0.8951576220054587;0.8300178074805725
23214600254;115.97163076997737;32.26575326317164;32.25376655259618;21.13283277042703;-0.3120102856424853;0.0117837843021929;19.8780801432424;4.722482457495384e-06;0.0;0.0036152143151328;0.0;58.32828571428571;0.0013062800835147;40.84338427010148;0.9999638597741348;0.9999638597741348;732;0.9997379146366933;0.9994904702540854;0.7662407256589686;0.018760461194687987;0.19261035579881983;-0.07412934045230375;0.9997379146366924;0.9995038364896663;0.756123733953841;0.01851275910324956;0.19817470839171747;-0.058928505402318046;0.7031050614886333;0.8311104427358014
23214600271;118.69868778932376;32.08764506769893;32.11235067332401;25.309740487248863;-0.304695259553267;0.0117893847925058;22.55443924429225;2.277312981261629e-05;7.105427357601002e-15;0.0294584979242366;1.2267137871419156e-16;57.92245454545456;0.0007730580789008;40.86165399900646;0.99998260680047;0.9999826373953682;732;0.9996705807173015;0.9994115572835359;0.8245482313140305;0.020179022399193124;0.20845633100609218;-0.07155761630478212;0.9996705807173004;0.9993812238344707;0.8455333793768499;0.020692588200110766;0.2012774907130883;-0.10307378961703988;0.8263492993719833;0.8318557570104661
23214600291;122.35459590893392;30.983840135677493;30.990749185475035;22.616700357705955;-0.3094502789719115;0.0117996150336979;22.136497046920397;5.612682297796487e-06;0.0;0.0081939791833645;0.0;42.09334615384615;0.0006849763920796;40.879642365489694;0.9999296546841274;0.9999296546841274;732;0.9992976854127825;0.9992423119051999;0.9404007207257155;0.023004132773910838;0.21758409804028447;-0.00381308506092898;0.9992976854127819;0.999238788878492;0.9425844785413897;0.0230575519745034;0.21764353987800242;-0.01292963834698249;1.0631893516153208;0.8357196887565471
23214600314;128.47159417029536;31.29282639643761;31.26707292354361;19.64528385926602;-0.3103252901224996;0.0119028970588158;19.479260261667385;2.269376021685992e-05;7.105427357601002e-15;0.0197981714927413;1.5710289645511463e-16;45.22785714285714;0.001146255361268;40.874190671350505;0.9998157037507688;0.9998157037507688;732;0.999280995192925;0.9985005911081075;1.3317673380201869;0.03258210905576775;0.3291374059188994;-0.12680782129366483;0.9992809951929246;0.9985529732345364;1.3082977684741706;0.032007918615283584;0.3419691008108207;-0.09306468508952882;0.8650541191318053;0.8414322471931956
23214600321;129.7205125849496;32.09640350945685;32.08412390232084;25.625163582294466;-0.3083212866024657;0.0120777099119571;25.51789850999409;1.7129308600564507e-05;7.105427357601002e-15;0.0327158126619195;1.3890719923368115e-16;51.15233333333333;0.00052357888149;40.86590858378871;0.9999600659891118;0.9999600659891118;732;0.9989112884876163;0.9971424420110402;1.8429314685417761;0.04509703888665912;0.4578693223984956;-0.19796689369452647;0.9989112884876157;0.9971804999259679;1.8306179427474834;0.04479572353063208;0.4635962491136702;-0.18225646501061224;0.9998187523336549;0.8436270577097305
23214600361;134.0866066761518;31.29647135216428;31.31738359884198;24.823616901104145;-0.2982217795278631;0.0118351565443182;24.858416019531457;2.616851724451753e-05;1.4210854715202004e-14;0.0278258492601579;1.990893738788724e-16;71.37927272727275;0.0009404391219062;40.84011289120715;0.9999928254811208;0.9999928254811208;732;0.9997656096856917;0.9997129279900847;0.588108082572872;0.014400256045802735;0.14306574830987168;-0.017426578535390706;0.999765609685692;0.9997013211705699;0.5998793930673866;0.014688485182824758;0.13879851852940023;-0.04472751398018407;0.696028847344265;0.8499136205230768
23214700011;70.10925904854462;26.66452239862241;26.678055291672443;47.747971012435656;-1.1723155296771846;0.0142260524659862;76.44366593049614;0.0003341343132527;2.8421709430404014e-14;0.2800483533374164;2.77968365448752e-16;102.24800000000003;0.0011931307907037;126.79807663934426;0.9938464509460136;0.993845288340415;732;0.9503789058549208;0.8995823609721129;30.776466910645688;0.24272029770754455;10.993231467151876;5.215644544211551;0.9503789058549188;0.8998180171424233;30.740333197160798;0.24243532719030503;10.986737563012554;5.153938505539305;1.21461189405105;0.7659511860756402
23214700031;71.07919211279128;34.29450804446673;34.29989128603976;82.81372520501391;-0.9753652649694248;0.0119069326288699;84.37098463538673;2.7196576617144716e-05;1.4210854715202004e-14;0.1601640683795128;1.6266269031175578e-16;87.36394736842104;0.0001698044816937;126.78336058383664;0.9999549872763142;0.9999551708456206;732;0.9969211192414913;0.9968021000981899;5.509193969188765;0.0434536041939491;1.1800137815074245;-0.13004042709778482;0.9969211192414917;0.996798056455933;5.512675968698327;0.043481068361908744;1.17753013351888;-0.14996214446462014;1.9136579204161739;0.7684106427279801
23214700051;72.65240602189051;35.128723156666055;35.13178937484196;53.0765148697953;-1.0040028463939592;0.0123750614842815;86.85884540701093;5.6531160062613925e-05;1.4210854715202004e-14;0.1506061764116742;1.4691486702680188e-16;96.72849999999998;0.0003753575146087;126.76800648907104;0.9999432541381436;0.9999432541381436;732;0.9956242514390551;0.9955552912597017;6.516893941429531;0.05140803363498003;1.0939478352282404;0.1456160797264163;0.9956242514390549;0.9955570192584665;6.5156270103353355;0.05139803954317971;1.0959231359440051;0.13456381707462906;1.4466817977825173;0.7710975776026118
23214700064;73.47818341740461;34.46507636029908;34.45604129065105;52.941613128067;-1.0023612507060873;0.0121350287799578;76.00208388393318;4.945901744831975e-05;0.0;0.0955068510903001;0.0;99.58571428571427;0.0005178583199393;126.77197521467605;0.999965848460279;0.999965848460279;732;0.9961624904066521;0.9957416145506627;6.385904532857435;0.05037315638605082;0.917695201557818;0.3152346345692124;0.9961624904066521;0.9957288644080743;6.39545748890852;0.05044851181089853;0.9146599469844316;0.34838545212898614;1.2948011462975202;0.7719277969031786
23214700081;75.68707459688713;32.888239714781776;32.89366805116983;58.474430300872186;-1.0117236170294852;0.0122999966215687;71.31037266560813;2.0421153454291025e-05;1.4210854715202004e-14;0.0484450613263966;1.677040054796166e-16;84.73771794871797;0.0004215322035966;126.808590093877;0.999962490672002;0.999962490672002;732;0.9982255235183484;0.9982251639593442;4.132563610368866;0.03258898791721846;0.7959939886452206;0.007622068920077398;0.9982255235183495;0.9982253204159912;4.132381457966981;0.03258755148139223;0.7962127554686007;-0.013306941411278118;1.5316060676194303;0.7735559904589159
23214700101;78.76062156524185;34.09203868891056;34.09248710661964;54.98013265425509;-1.0099879597759007;0.012340537691494;69.74494817433433;1.9019929175132342e-05;1.4210854715202004e-14;0.0385615245975757;1.5998646301356041e-16;88.82535714285713;0.000493235922947;126.90363705113192;0.9999587580961328;0.9999587580961328;732;0.9976802298855687;0.9975559681817971;4.862802191526274;0.03831885598020297;0.8436832577568045;0.11138933702319483;0.99768022988557;0.9975562942781668;4.862477769596193;0.03831629953708109;0.8439464217263294;0.10972161953149792;1.4041607581492188;0.7751024449926014
23214700121;80.85609240456445;32.68993081200263;32.65378923654519;82.54406671002508;-0.991910948633065;0.0120460026922563;75.30499516901286;3.252391134324774e-05;1.4210854715202004e-14;0.149817642632215;1.6817270718997536e-16;84.50155172413793;0.0002170899953558;127.02164122856604;0.999930702587345;0.999930702587345;732;0.9982844803113877;0.9982844491072695;4.082511542577717;0.03214028336503336;0.9064318077409113;-0.007212410379046476;0.9982844803113875;0.9982817620687913;4.085707476178736;0.03216544390909583;0.910759639373097;0.13322908903760772;1.8680019320159804;0.7759753014915799
23214700141;82.2705070473953;34.08583292317087;34.07138837751262;49.50297097364994;-0.9808604728921768;0.011924154867488;77.18184502100861;8.203418473165988e-05;0.0;0.1621834782622588;0.0;89.4733;0.0005058109840202;127.11129139344264;0.9999386955003666;0.9999386955003666;732;0.9968963379552827;0.9964226503058425;5.903178991344197;0.04644102759582795;1.2659486658337396;0.36752991320602435;0.9968963379552829;0.9964003736016577;5.921530465956529;0.04658540088014562;1.2604223843723992;0.421240088155428;1.415895199960866;0.7764636390620465
23214700161;84.10279188681669;34.60932180320461;34.60021261252109;58.42082396046084;-1.0098596385557368;0.0122121384227036;75.27346486392081;6.03535111205675e-06;1.4210854715202004e-14;0.015146126717751;1.5266784706617558e-16;93.0834814814815;0.0003984748856605;127.16283009512246;0.9999621541282764;0.9999621541282764;732;0.9979831203268663;0.9979460572542546;4.479528361872013;0.03522671175626684;0.831876670964203;0.04996169837363354;0.9979831203268663;0.9979423611582332;4.483557034325739;0.03525839296728355;0.8314395596235834;0.0834178684522858;1.4362837175463783;0.777280798193928
23214700181;87.42365411860455;33.17634173612532;33.18221338833166;43.35214583273465;-1.0104321946564112;0.0122006862183463;65.28949950002176;2.4543432917304912e-05;1.4210854715202004e-14;0.033197482137299;1.738748922758814e-16;81.73034374999999;0.000739316096799;127.15204832650274;0.9999362402613804;0.9999362402613804;732;0.9984227935904273;0.998009929937815;4.416349566874069;0.03473282282904092;0.9321595584663867;0.23815385731021166;0.9984227935904284;0.9980179319991167;4.4074615639770265;0.03466292224140572;0.9367045301714289;0.2156922413067956;1.3292694040915054;0.7785847585988057
23214700201;92.51074379973215;32.99604770971706;32.9809276821985;49.163832469649385;-0.8999222273944723;0.012413526007765;70.5405196753438;2.3968665321477085e-05;1.4210854715202004e-14;0.0570878628215392;1.7462447650372907e-16;81.37951219512193;0.0004198557125251;114.75986020924962;0.9993163573131242;0.9993163573131242;732;0.9968760198758091;0.9968396561476774;5.200661961253614;0.045317778810211914;1.9495531964230217;0.20156054967809273;0.99687601987581;0.9968315382996304;5.207337043023692;0.04537594445940238;1.9518327057119984;0.2540554623588741;1.4709396617908033;0.8061232491129403
23214900014;91.49791532048565;17.860476640762474;17.78005058474175;142.26966818333094;7.430217588420962;0.0017548528064251;57.16050305769616;5.317091560308982e-05;1.4210854715202004e-14;1.502868688204405;2.6439947250799117e-16;53.74766666666665;3.5379615012551284e-05;53.46416123956326;0.9294983894834992;0.9295531072464892;692;0.9581077074321809;0.9232820868360793;15.390622080427928;0.287868017071573;9.972016783936912;2.7767997002123677;0.9581077074321813;0.9247036079260393;15.247367468991692;0.28518856586323293;9.946711910545217;3.0050458249211904;3.710489842802975;1.0393098080999137
23214900021;95.31025075776697;17.34558132232601;17.347178713577215;42.58221432254792;-0.5033984395869464;0.0142803890917137;45.67454925889993;5.327261927641508e-05;0.0;0.092132856087675;0.0;54.03851515151515;0.0005782152159238;57.58232253684385;0.9702355221719136;0.9702355221719136;732;0.891849790429505;0.8804756794075608;17.8694868916791;0.31032938763880824;5.875550476613205;1.4990003332938648;0.8918497904295052;0.8804616644816159;17.870534511917697;0.31034758107374527;5.87526449547881;1.4938355015962836;1.6332196274081612;0.8976246338409751
23214900041;95.11120148997756;26.81456745379978;26.81314520498667;31.557076721138134;-0.7322315148831641;0.0127994896706341;71.06320463923305;8.685812876503439e-05;1.4210854715202004e-14;0.1477327319233088;1.8641819462282108e-16;76.23105;0.0005879409906947;83.05414849726776;0.9976223491712748;0.9976242154592094;732;0.9992577601405874;0.99915454630874;1.659800112291326;0.019984553960551755;1.1310442547884512;0.14776941605433686;0.9992577601405894;0.9991531072730244;1.6612120738023561;0.02000155445404398;1.1320753396782544;0.15216678324850821;1.3461743129652843;0.6873050695812776
23214900061;97.86931315735536;28.96597676212992;28.94961796115208;27.888693606053213;-0.6934581576588592;0.0120715961887492;68.26578586171007;1.3051190467759633e-05;1.4210854715202004e-14;0.0235489009839507;1.9472417247607856e-16;72.9794074074074;0.0005542165418528;83.04731718275653;0.999919076530121;0.999919076530121;732;0.9984823245704796;0.996969610679172;3.124908471532839;0.03762804841312414;0.552699121079025;-0.17681114105700388;0.9984823245704787;0.9970191937883698;3.0992382206742275;0.03731894449827857;0.5586543665408379;-0.12980955146850762;1.3175563201134264;0.6835377125146145
23214900081;101.50650649953688;29.026114792062053;29.034208793648418;21.60036418347629;-0.6767644894893234;0.0118905309940559;58.24545161011388;1.8600577792829025e-05;1.4210854715202004e-14;0.0202862968527375;2.11985995615229e-16;67.03676190476189;0.0009169035594743;83.02964160161332;0.9999224725635022;0.9999224725635022;732;0.9986475804801312;0.997518707861209;2.812201833694595;0.03386985393948698;0.4922187905254262;-0.10961025604329779;0.998647580480129;0.9974975400263382;2.8241717672968782;0.03401401852181429;0.4934947603559931;-0.13279383542502995;1.1910750687365517;0.6799459228769227
23214900101;107.64856249588188;28.31976581441181;28.30005451366088;17.691642317959285;-0.6820112615091637;0.0119360176030184;47.24333516517035;1.0194148852214694e-05;1.4210854715202004e-14;0.0056599315289765;2.209612536001813e-16;64.3137857142857;0.0018011081582921;83.01088459211553;0.9999671563913364;0.9999671563913364;732;0.9980186172545484;0.9957462234833787;3.6666119271651536;0.04417025484286205;0.49678000066062633;-0.21535147297124466;0.9980186172545489;0.9958217467117033;3.633916919081639;0.043776390734026616;0.507677285729735;-0.15742382695193927;1.009658765410024;0.677239952021161
23214900121;112.7965828629953;28.830624379666236;28.84935234419027;19.430648049853247;-0.636646386699074;0.0115495783215171;54.43135181512456;1.7604132825396433e-05;1.4210854715202004e-14;0.0125508956454649;1.8872110621275446e-16;75.30082352941179;0.0014026196474478;82.98960679042108;0.9999569529979666;0.9999569529979666;732;0.9986358012569104;0.9974798070188156;2.8100155071547506;0.03385984842958783;0.4150905516857325;-0.13145367504856964;0.9986358012569102;0.9974283645076395;2.8385498344956184;0.03420367856018391;0.41709270067945126;-0.1854479365358502;0.9808923249840423;0.6744785006143962
23214900141;117.71017075381688;28.813675420641367;28.834766009920425;20.54733502513345;-0.625383153601655;0.0113033837396612;55.81861545998959;1.3046077105164208e-05;0.0;0.0098206038766241;0.0;78.9905;0.0013284393983365;82.96550857240437;0.9999561575309782;0.9999561575309782;732;0.9985679393354495;0.9972317557853733;2.931530616076923;0.035334329488483314;0.41303261416737164;-0.13475744920496438;0.9985679393354511;0.997169404284268;2.9643614456620027;0.0357300460959025;0.409509299095891;-0.19558389893954867;0.966773858693404;0.6715752060326504
23214900161;121.51894367594056;28.793718895759604;28.800166646142195;24.39479532582649;-0.6310912349419071;0.0113622462631724;66.05993271611767;1.2905696288964866e-05;1.4210854715202004e-14;0.0139802017952814;1.5583880279135367e-16;91.18944999999998;0.0009231409158429;82.94298221994536;0.999925103723541;0.999925103723541;732;0.9971233233126369;0.9945474601728007;4.091523189602822;0.04932934746369573;0.5133900083343153;-0.1816207220455103;0.9971233233126362;0.9945212910485185;4.101329941939838;0.049447582329076034;0.5116842386440955;-0.20023473617693666;0.9919429061359942;0.6680453529959851
23214900193;129.49092746222095;28.228042312281964;28.20652643531597;33.844730026744706;-0.6702470181782012;0.0117700902978241;83.29654853499262;1.1222201333886988e-05;2.8421709430404014e-14;0.0147752276860997;1.9399979783996654e-16;146.50380952380948;0.0007595281488923;83.15872562234365;0.9999805110587808;0.9999805110587808;732;0.9979274913310288;0.9971504702241203;2.950715278596439;0.03548293046236414;0.33241675254587383;-0.08393966821162994;0.9979274913310294;0.9971955938713278;2.9272590643135397;0.03520086488106335;0.35073993796189906;-0.020490743029388216;0.7995783791731349;0.6647110223911908
23214900203;135.11671747041652;29.49785793832769;29.492275040117278;29.89985488950763;-0.647728457909108;0.0116373903310026;87.9799597271615;7.001619184019371e-06;4.263256414560601e-14;0.014149401155029;3.6961942180444076e-16;115.34178571428576;0.0004948350186206;83.30126510050742;0.9999060125158163;0.999906104300469;732;0.9905031489246489;0.9904990653919404;5.647775936713632;0.06779940172456311;0.5974356379319339;0.04973032168131728;0.9905031489246491;0.9904991795098943;5.647742018231113;0.06779899454608294;0.5985410832391483;0.06548688425961108;1.0220044183178365;0.6955729702153788
23214900211;137.08472125846637;28.74860862169151;28.753447037137388;31.977138606547484;-0.5880802009818507;0.0110316721314004;81.02541859086043;1.890738922573456e-05;1.4210854715202004e-14;0.039926486361265;1.458269396778866e-16;97.45013333333333;0.0004735550495141;83.24443119307833;0.999879020178328;0.9998791731527502;732;0.9889532740363178;0.9889524746810091;6.2229479079420935;0.07475512558321767;0.7120210772680686;-0.0008064668063059021;0.988953274036318;0.9889526832493042;6.2228891655665715;0.07475441992189379;0.7126733565961706;-0.01481671157987287;1.1595936642885092;0.7112273888119931
