reach_id;h_hat;z0_hat;alpha_hat;alpha_tilde;beta_hat;offset_hat;factor_hat;dAbar;std_S;std_W;rel_std_S;rel_std_W;Wbar;Sbar;Qbar;R2;R2_2;valid;r2_param_hat;nse_param_hat;rmse_param_hat;nrmse_param_hat;mae_param_hat;bias_param_hat;r2_param_tilde;nse_param_tilde;rmse_param_tilde;nrmse_param_tilde;mae_param_tilde;bias_param_tilde;rel_std_Q
23214100101;2.143990709457864;8.275653540789047;123.07056101864096;118.1128170223128;1.5234224200636102;-2.5893808716554982;0.0098950637953953;158.56150197749025;1.5772294255869156e-05;2.8421709430404014e-14;0.0400960304850255;1.649923656557755e-16;172.26075471698115;0.0003933629854396;411.0699133931333;0.9998832805168748;0.9998832805168748;732;0.9988003844375452;0.9986731045247215;7.997719601945535;0.019455862230171993;3.6735415998161427;1.3007631180330035;0.9988003844375454;0.9912581030515386;20.52818999312158;0.049938439482651004;17.810688862838052;17.80780207066412;0.5341117420647971
23214100111;2.391008682516437;10.547917992513597;99.2961683084221;98.94457142614932;1.5781201349549916;-2.5478989706417368;0.0098682233844152;191.70431650725388;4.315386063762841e-06;2.8421709430404014e-14;0.023359512743011;1.5223369824974411e-16;186.69788461538465;0.0001847378458291;411.0974180327868;0.9997611151443664;0.9997611151443664;732;0.9985728546040402;0.9981426909893097;9.471243489882008;0.02303892720904084;4.389382281446251;1.1453786178694925;0.99857285460404;0.9978789822723146;10.121317953290461;0.024620242086957702;4.419590431936491;2.5969739955677107;0.5345891865267697
23214100121;2.4351029589208744;12.735922578994249;101.75152810843517;98.29649028089688;1.5250776143691402;-2.528672728047082;0.0095859472506582;172.48700358004606;3.0206386903850856e-06;2.8421709430404014e-14;0.0126613767398462;1.7897036387058822e-16;158.80679245283022;0.0002385711090073;411.15185947004846;0.9997653678332667;0.9997653678332667;732;0.9983201844601762;0.9980145349577102;9.80506460644542;0.02384779341405289;4.887580003160381;-0.28916885718913166;0.9983201844601758;0.9918769953411184;19.83251029117735;0.048236460165205955;13.681572841716262;13.681572841716262;0.5352011998867383
23214100131;2.247731347911367;16.344455180774265;111.27887996226042;111.08063963703424;1.562647710009473;-2.600907036982133;0.0098839505963078;158.90079411545312;3.5331469731956592e-06;2.8421709430404014e-14;0.010639537962686;1.7425691496588446e-16;163.1023333333333;0.0003320771057527;411.2185025045537;0.999843843711174;0.999843843711174;732;0.999039296456047;0.999032530557237;6.854182864773479;0.016667982649194092;2.954816819276764;-0.3677686596094912;0.9990392964560468;0.9990223164742059;6.890269472719261;0.01675573796109274;2.751396990249078;0.36546118851520576;0.5358761287198982
23214100141;2.3761384923095275;20.580935992912725;94.49859627189176;95.3763134037547;1.645723340227601;-2.5329968028023973;0.0096926067841065;150.36746637579606;4.451232538309053e-06;2.8421709430404014e-14;0.0122355810634215;1.8568594327231002e-16;153.0633333333333;0.0003637941275724;411.2595500910747;0.9998897054425512;0.9998897054425512;732;0.9992153415040217;0.9992090720354444;6.207021142270318;0.015092710043805073;2.5112013756054967;0.027851799799094308;0.9992153415040212;0.9988744845201459;7.404410626281724;0.01800422780368746;4.891706043954304;-3.7917298764919494;0.5366594276006734
23214200031;1.1981198010140373;25.58431740978476;50.81276656471779;50.35410773629613;1.7706845404485394;-3.3631245136380703;0.1427907830473881;71.26688867052135;4.869183868817432e-05;0.0;0.1380008653038325;0.0;100.04341176470588;0.0003528371983825;82.0169138540662;0.9898039794949416;0.9898039794949416;732;0.9797501563590006;0.9791373921061112;10.549356803495904;0.12862416186820338;5.042383205623202;1.6600006995050378;0.9797501563590006;0.9783355595288834;10.750172226129799;0.1310726254008743;5.522818917599399;2.3853382501796303;0.8905088912292192
23214200051;1.071248215600954;29.911852824595226;64.69979244677114;64.52154393241877;1.6302830484562434;-0.3139982531408679;0.0094652234118558;62.8406160585564;4.756499587052567e-06;1.4210854715202004e-14;0.0100566055202338;1.5569015249347323e-16;91.27651612903227;0.0004729726722881;82.0131272474881;0.9999282244017268;0.9999282244017268;732;0.9996998983214929;0.9996801365653132;1.3069185620334332;0.015935480159043214;0.5915995717395555;-0.0731706232174909;0.9996998983214911;0.9996930676552869;1.2802286931021145;0.01561004605078421;0.5526730349195195;0.15297787109456565;0.8910105693094494
23214200071;0.9681794220947628;35.95102304228975;75.72213759804515;75.78614893856276;1.7097900751083115;-0.3033165964962173;0.0091238815486851;71.92755209143678;1.2663157482925228e-05;0.0;0.0300968714659362;0.0;120.40063829787232;0.0004207466379772;82.0446289966283;0.9999565552644724;0.9999565552644724;732;0.999763026298185;0.9997464170210991;1.1649956884004429;0.014199536309053446;0.5024728222220405;0.011169650801031026;0.999763026298183;0.9997381749785792;1.1837768490320166;0.014428450265533714;0.5180330216420322;-0.05817693484209237;0.8916904449662331
23214200081;1.5914601834660138;37.82054398538958;29.19106595568391;28.563580892314665;1.893142871003442;-0.2891631570870374;0.0090079633747828;81.57766116702221;2.6134335847011514e-05;1.4210854715202004e-14;0.1692279008780804;1.6096396925331207e-16;88.28593617021279;0.000154432783905;82.03865088361819;0.9997002619197438;0.9997002619197438;732;0.9992889246257853;0.9992794986770912;1.9666848367555119;0.023972661856001186;1.113950302270872;-0.013314789510457678;0.999288924625786;0.9981185294591755;3.1780892511284424;0.038738926309709175;1.79651863103317;1.7504571453047284;0.8930974888595847
23214200091;1.2433328787624784;40.83485312422014;51.73082379852166;51.45761035130692;1.5681550920011005;-0.2929491744426725;0.009046834087459;61.40171887161673;3.498555284002083e-05;1.4210854715202004e-14;0.0672448951922097;1.8970479373347327e-16;74.91036170212764;0.0005202707616692;81.98691678293221;0.9997773610278632;0.9997773610278632;732;0.9992454076153658;0.9992430930335635;2.0201044593754385;0.024639351479990985;1.0972169836505592;0.009047783620058725;0.9992454076153654;0.9991949490950599;2.08335964423577;0.025410879271770315;1.0696921135560606;0.4420093052044261;0.8955874963304457
23214200111;1.2747126588579505;49.76424847335348;44.98885493528656;44.765317677242464;1.84624581251815;-0.2858722426069264;0.0089388945302619;66.17562558090111;3.3353295241328466e-05;0.0;0.0717441066988023;0.0;87.76825641025641;0.0004648924737658;81.86669307832422;0.9999691909516364;0.9999691909516364;732;0.9998710598628364;0.999851159140531;0.8958624584520337;0.010942941809008169;0.43071197872265615;-0.0727601106010951;0.9998710598628362;0.9998499146278921;0.8995999781836415;0.010988595536929387;0.5074738646359626;0.33437451680456026;0.8969598536405369
23214200131;1.5816439544099996;52.38082764475272;34.23080573805728;34.162597312700385;1.6214877127259937;-0.2911098897759046;0.0090025606042635;70.4516573137678;2.575208511286125e-05;1.4210854715202004e-14;0.0917789140837115;2.0571758007152275e-16;69.07943750000001;0.000280588252432;81.7825200648907;0.9996097240057658;0.9996097240057658;732;0.9987869955585912;0.998589892952247;2.7582076479012585;0.03372612687543434;1.480293195526373;0.19617369716785135;0.9987869955585903;0.9985151773634202;2.8303373772581764;0.03460809687708856;1.4826653590739685;0.3587429413436474;0.898132532512317
23214200151;1.0972293501402486;54.48524100299236;64.59419963199646;64.36722620128948;1.4487533697860018;-0.2926549838049594;0.0090925238858703;53.72011412232676;6.584119249648262e-05;1.4210854715202004e-14;0.0919098968482985;2.0304302924839674e-16;69.98937499999998;0.0007163667325745;81.77539258879781;0.9998541235922568;0.9998541235922568;732;0.9993600700442421;0.9992667702429204;1.9888347146161771;0.024320699071625394;0.9788566048035753;-0.07919958738849074;0.9993600700442414;0.9993153862924988;1.9217701621881298;0.023500592309615983;0.9631456558885071;0.2084240337910578;0.8981647639066388
23214200171;0.8887688667730991;57.97093973992394;87.30778338718898;87.2888377677572;1.5856641651630283;-0.2933161999817429;0.009008518080102;41.026370086073264;5.068759587318967e-05;0.0;0.0332374545438259;0.0;70.135;0.0015250143721551;81.77870342771982;0.9999639898213266;0.9999639898213266;732;0.9996505011053277;0.9995192953173129;1.6100609901561571;0.019688022953056612;0.5651504981182066;-0.07986853809676683;0.9996505011053279;0.9995247191346271;1.6009520197602913;0.019576637347586395;0.5648375315457105;-0.062105386960341145;0.8979722805019854
23214200191;1.0721060876675772;63.33354439630499;62.96288064874481;62.87479952755379;1.7392177087076142;-0.2946489701694989;0.0091575232481446;56.72580526879312;3.995937414374253e-05;1.4210854715202004e-14;0.0572687043790934;1.6521917786297132e-16;86.01213793103446;0.0006977523688894;81.79106420765027;0.9999521572495064;0.9999521572495064;732;0.9998714697419339;0.999871361775853;0.8327099795119036;0.010180940761423871;0.42376806831927943;0.022422938267938185;0.9998714697419339;0.9998656872827926;0.8508780473809615;0.010403068545736995;0.41776362955976576;0.1368121391282526;0.897641437337193
23214200211;0.8893345374088367;66.72028736707891;87.25894550958358;87.12073502232577;1.587505035313845;-0.2985696760812697;0.0093658136651068;55.369490414650855;2.903100118178817e-05;1.4210854715202004e-14;0.0347709028745927;1.4944102025168946e-16;95.0934;0.000834922270684;81.81330204918034;0.999946305978274;0.999946305978274;732;0.9996418248620202;0.9995336029762414;1.5860044224890242;0.019385654688960374;0.6802084640394912;-0.08990426411930784;0.9996418248620211;0.9995653056652809;1.5311526801220774;0.01871520451774037;0.6736476559412529;0.03982320378018322;0.8976408066120052
23214200231;1.440985812979401;69.28986755928824;35.105980075054084;34.61569558512243;1.89119657934437;-0.2887249451897594;0.0089376726922582;59.661848150650826;6.549227634167532e-05;1.4210854715202004e-14;0.191456281458375;2.020124091193396e-16;70.34644444444443;0.0003420743150488;81.82925713418336;0.9999020657757578;0.9999020657757578;732;0.999711060379489;0.9997105022826543;1.250005845167699;0.015275781412972419;0.6605775430597957;-0.04934927109749003;0.9997110603794879;0.999285156808485;1.964241418836087;0.024004145798551365;1.1151566106528774;1.0941542200998253;0.8978026095787993
23214200251;1.7899110468070265;69.9425666015542;24.350910813177457;24.40052920079428;1.822786471527729;-0.288866711577787;0.0090994566222061;68.17824921086617;3.030232835680145e-05;0.0;0.1071223664190983;0.0;63.56925;0.0002828758304148;81.84013985655737;0.9996745622170372;0.9996745622170372;732;0.9990636929779844;0.9989671994538413;2.362679376112488;0.028869444507959013;1.2605101081010586;0.18673156166238802;0.9990636929779853;0.9990077898764423;2.315785806528133;0.02829645465644427;1.2747484554437658;0.020351318471711698;0.8983181987652997
23214200271;0.8681105191940032;72.19475122337948;91.09109811051457;91.16346339351004;1.322822151888366;-0.3028399979216437;0.0092166197697022;47.11705899203599;0.0001830435530784;1.4210854715202004e-14;0.1450142751986224;1.952680391855533e-16;72.77614285714287;0.001262245063996;81.8428774395004;0.999919313641094;0.999919313641094;732;0.9989928360497479;0.998741308039909;2.6094143803649037;0.03188321894344228;1.2136936668805858;-0.09028454062547173;0.9989928360497483;0.9987121939549757;2.6394202967937437;0.032249847260622605;1.217865381895062;-0.15537450634542274;0.8986745283826058
23214200291;1.2414959113077082;75.39749501837304;46.95907593130647;46.40133626042586;1.8563555747669045;-0.2883605477511378;0.0089077337090924;59.60985562446447;5.461177539129474e-05;0.0;0.113166381892373;0.0;80.38439285714286;0.0004825794947057;81.83942915690868;0.9999402787860916;0.9999402787860916;732;0.9996679005556778;0.9995992606493063;1.4731596373529987;0.018000609883636245;0.6455968638209744;-0.028447949198404286;0.9996679005556782;0.9994897072160771;1.6623732033585719;0.020312619729682443;1.0571152727240667;0.9439085532943059;0.8991998478023376
23214200311;1.1201124624446914;77.44711875063628;60.933894280917215;61.03189095794996;1.5545813559869743;-0.2935156045438523;0.0090414914029056;55.93837173994001;0.0001150100225554;0.0;0.1364176881163758;0.0;74.91064285714286;0.0008430726553389;81.82658352849336;0.9998612216053848;0.9998612216053848;732;0.9994170483765086;0.999416800162436;1.779216029724086;0.021743740884703242;0.9049989560478502;0.003208163324500507;0.9994170483765106;0.9994127782221002;1.785340521918674;0.021818588103424717;0.9326359548807353;-0.12838393306151355;0.9003794347103196
23214200331;0.8178441355712844;82.104482845459;99.8212647441764;99.63008807683111;1.6328500157585928;-0.2833648230666767;0.0089433571473998;53.615237494299215;7.344207369356226e-06;1.4210854715202004e-14;0.0078795404085397;1.3984698827332658e-16;101.61716666666663;0.0009320603726324;81.81110923269581;0.9999730459070422;0.9999730459070422;732;0.9997936802262009;0.9997742711736617;1.107702898186926;0.013539761391527893;0.469126679648749;0.0001040812105988246;0.9997936802262011;0.9997829968522184;1.086082452693558;0.013275488657712822;0.47624274068723854;0.1567876832177718;0.9011923556733885
23214200351;1.21190196930753;85.7301605256892;48.28088044741257;48.07667772921973;1.9124244279358409;-0.2916798019211591;0.0091231901035609;63.10721246199328;6.489376664223876e-05;1.4210854715202004e-14;0.1668029570782207;1.5759013649913856e-16;90.17604166666663;0.0003890444616746;81.79188308287796;0.999932109952017;0.999932109952017;732;0.999776378990081;0.9997578128478696;1.1482965579688098;0.014039248329877251;0.5870165726823109;-0.03770473282134439;0.9997763789900808;0.9997589098386596;1.1456929920862404;0.014007416737493797;0.5914453525050432;0.30839136372282977;0.902128297638357
23214200371;0.9023415861444464;87.95150068666253;85.47453433210971;85.35147600413845;1.4698323570005138;-0.2811543949651358;0.0088949044525104;56.32003201113478;0.0001020434708657;0.0;0.1125131433540593;0.0;90.21433333333331;0.0009069471158994;81.78113035063753;0.9999154969299104;0.9999154969299104;732;0.9995886025092882;0.9995848333231107;1.504704443116241;0.018399164167391718;0.7368868040086978;0.023102080233473616;0.9995886025092882;0.9995847422506309;1.504869472799562;0.018401182110682708;0.7278126690974035;0.1408097265611088;0.902998129107318
23214200391;1.0082198364503274;91.41223606648838;70.20705399990693;69.70517833408475;1.7084929781559326;-0.2845436856372322;0.0090682975913536;57.466725147218334;5.111630788885378e-06;2.8421709430404014e-14;0.0076047827820291;3.156143163155968e-16;90.05202857142854;0.0006721599992263;81.76890765027322;0.9999332113678472;0.9999332113678472;732;0.9997541351820894;0.9997441350263435;1.181992634799421;0.014455282194239652;0.5959645118776914;-0.03571044917590216;0.9997541351820888;0.9996825621701331;1.3165540465888965;0.016100912735924233;0.6964934313392944;0.5490704928651197;0.9036934936291046
23214200411;0.9284119650291685;96.21336213087122;81.00850546088579;80.946107863536;1.6510197891281415;-0.2947605573463543;0.0090939195887264;49.6891450626899;3.650934519627066e-06;0.0;0.0036598530057668;0.0;82.6689;0.0009975631572837;81.75309808743168;0.9999714473241256;0.9999714473241256;732;0.9998375051479779;0.9998113697534987;1.0154943205906213;0.012421478137802075;0.48579108428789247;-0.04210570804930413;0.9998375051479768;0.9998188805951541;0.9950715829431632;0.012171668184109351;0.480217307255858;0.020897851423083452;0.9044147012594759
23214200451;1.3552872901539497;100.86403163798867;40.11170464222286;40.15885922524072;1.834205719507084;-0.2858608506199195;0.0089884901482048;74.99493662840861;3.2809476797543854e-05;1.4210854715202004e-14;0.1236929370640967;1.5373698185398251e-16;92.43614999999998;0.0002652493956105;81.7055017759563;0.9998184499573094;0.9998184499573094;732;0.9995388211321155;0.9995150064025609;1.6291985529881463;0.019939887982764647;0.9035083950914478;0.1401717224988736;0.9995388211321143;0.9995273928305219;1.6082596494088297;0.019683615110997296;0.9158504123113;0.044285019061790776;0.9054296486561164
23214200471;1.281525828407034;103.48540625614268;47.1731988195135;46.98239113058096;1.6655229319454032;-0.2816376879304993;0.0089102810806092;74.58542415251692;2.184846279878988e-05;0.0;0.0871846762342664;0.0;89.73039393939393;0.0002505998042601;81.6281766848816;0.9997025259411728;0.9997025259411728;732;0.9989203226785527;0.9988681533035905;2.4949970729304924;0.030565390215221998;1.3510592663193788;-0.002694539255456952;0.9989203226785525;0.9988908943730822;2.4698051449307754;0.030256772173966856;1.3316279770176667;0.32748866378365316;0.9085234487630346
23214200491;0.966905530399596;107.19864984276133;75.56087989443351;75.6582475406339;1.6354377329736394;-0.2812935880609298;0.0089642523094546;57.00439783076741;2.1643576749913185e-05;1.4210854715202004e-14;0.0272042480507614;1.5922676152024296e-16;89.24915999999997;0.000795595478674;81.58569819672131;0.9999436442233508;0.9999436442233508;732;0.9995831190617532;0.9995277130800744;1.6129847311785381;0.019770434853536124;0.7252597750932227;0.0012195412341831006;0.9995831190617517;0.9995047465635961;1.6517375659367153;0.020245430295319746;0.7366772102004817;-0.10391010606834014;0.909731563200176
23214200511;1.0765169361023406;109.07281562587389;63.891171930721306;63.57439395535186;1.596770755325403;-0.2821299296171074;0.0090990530200637;68.63919222719042;6.972852887635301e-05;2.8421709430404014e-14;0.1351153111100045;2.957654194193922e-16;96.09544444444442;0.0005160668195448;81.5650608682453;0.9998147403261862;0.9998147403261862;732;0.9994230202379131;0.99935488911299;1.8852574155234183;0.02311354145335263;1.0111953267116893;0.06687834879494171;0.9994230202379122;0.9992106068920744;2.0854517069612895;0.025567953787590345;1.0506039589620568;0.4709534107267365;0.9100165852783392
23214200531;0.8136085376771934;110.82905502908474;99.74778037598368;99.9145498887707;1.563957635601203;-0.280542756996518;0.0090430238066652;56.7486034101648;2.5944901150544578e-05;1.4210854715202004e-14;0.0297461428857222;1.382129173529157e-16;102.81857142857145;0.0008722106005547;81.55595413739266;0.9999562187207464;0.9999562187207464;732;0.999433288878007;0.999237263896175;2.0499087980923685;0.02513499866164283;0.8201783494060089;-0.11972391078503554;0.9994332888780085;0.999177933831252;2.128142844725828;0.026094267024828956;0.8379525651923346;-0.2562784584982907;0.9101054486398018
23214200551;0.9696044330805416;112.56361075155294;74.61881303574037;74.34676551653716;1.7227921130783623;-0.272150135867244;0.0088578144872466;63.121173222338506;2.319646484186752e-05;1.4210854715202004e-14;0.0422875847414988;1.378938224682771e-16;103.0565;0.0005485407829192;81.54884145415909;0.9999372804874423;0.9999372804874423;732;0.9998117291375109;0.9997977507396502;1.0554102864520714;0.012942063524536364;0.5782812170931075;-0.03510746452190079;0.9998117291375112;0.9997992311945241;1.0515404153188173;0.012894608881843133;0.5802842342507819;0.26233375716435303;0.9100391081671666
23214200571;1.31349527509554;113.909518340698;42.30224660656784;41.98940324802388;1.8381008291216667;-0.273112319189308;0.0089573799644457;70.33349570195718;3.562921312615215e-05;2.8421709430404014e-14;0.1282673116790513;3.1745794906779825e-16;89.52905263157892;0.0002777731337763;81.54244859073914;0.9997806346804698;0.9997806346804698;732;0.9995932533498956;0.9995931145035599;1.4969113699684575;0.018357449351091272;0.9012252778902304;0.02719261887743126;0.9995932533498982;0.9994674928897046;1.7124688796153216;0.021000949924991685;0.9920360771048022;0.6300330941832578;0.9100730082374003
23214200591;1.0124926658037503;115.41891197305333;71.43958885918394;71.32197852704577;1.4976508511272824;-0.2738860661765495;0.0089496978160948;63.08142180971717;7.667532785851132e-05;1.4210854715202004e-14;0.1261662445296127;1.5674111383399242e-16;90.6645;0.0006077325051909;81.5376443989071;0.9998028771612646;0.9998028771612646;732;0.9993714587288187;0.9993538603036906;1.8869186876507793;0.023141687518214233;1.0354813356176544;0.11708281736687026;0.9993714587288183;0.9993294706513746;1.9222013137736302;0.023574403307135453;1.042515643770656;0.2511247322686563;0.9103990867717109
23214200611;0.9440481273243112;118.00490598488304;78.250012322586;78.30818370005824;1.6756365769180892;-0.2718681595330262;0.0088655917211852;58.07494188894006;2.199201389257932e-05;1.4210854715202004e-14;0.0302907454183573;1.4922389350960135e-16;95.23176470588236;0.0007260307922053;81.53352418836387;0.9999445314749918;0.9999445314749918;732;0.9996771320701894;0.9996451002458915;1.3985763860473654;0.01715339058344009;0.6567458884360212;0.030541326900270213;0.9996771320701885;0.9996361083417575;1.416183049723878;0.017369334440298728;0.6617491310941218;-0.030048322103258168;0.9105360129374002
23214200631;1.2714243199343678;119.00347586412596;44.636648990573406;44.561868474969046;1.8537612498492488;-0.2744353959514706;0.0089934775855811;76.87785397589961;3.150946991116438e-05;1.4210854715202004e-14;0.1233564754928203;1.4187675600190196e-16;100.163375;0.0002554342590065;81.5306769125683;0.9998045292850102;0.9998045292850102;732;0.9995259078191711;0.9995237975704461;1.6205022452111915;0.019875981735672114;0.9407664943155385;0.032752520818511446;0.9995259078191704;0.9995206250233398;1.62589132454692;0.019942080528663954;0.9271425805334694;0.16928734017708846;0.9108204764879526
23214200651;0.8731922375502122;120.50997403540715;89.23611765859101;89.5994587328468;1.5148749351013666;-0.2758655036527502;0.0087126150823117;65.51742257828768;8.496403087010513e-05;0.0;0.1152092243365535;0.0;109.02;0.0007374759387486;81.52664806641445;0.9998578179234332;0.9998578179234332;732;0.9994080443194376;0.9993700606468915;1.864754076376671;0.022872939346869472;0.9886580230761344;-0.06088872475056133;0.9994080443194385;0.9992759367292969;1.9992193841936576;0.024522281138861783;1.0803489481443356;-0.39308721165696014;0.911323581527284
23214200671;1.085561695360593;123.11404076748;60.41655449971314;60.34735537131795;1.7958734189922694;-0.2729990300401887;0.0089374100898598;73.95699185610763;3.1356596509877107e-05;1.4210854715202004e-14;0.0939661153428079;1.29426047051141e-16;109.7990322580645;0.0003337011048661;81.51460307597391;0.9998715932711202;0.9998715932711202;732;0.9995805348269423;0.9995801752594058;1.5235996789620263;0.01869112553418175;0.8096415790664405;0.04387551708836298;0.9995805348269421;0.9995755638950534;1.5319444532429483;0.01879349705984746;0.8008593868790524;0.13718940073301317;0.9122238868271006
23214200691;1.2032372452067186;125.3644126894194;51.71445971185428;51.39357651085;1.693779689650273;-0.2807767954335954;0.0091672817920295;56.38034685261507;7.796155946889997e-06;1.4210854715202004e-14;0.0135501977398944;1.950633240305483e-16;72.85252000000001;0.0005753536661636;81.48599087431694;0.9998567853471796;0.9998567853471796;732;0.9993372312682289;0.9993364082205053;1.9194913297937497;0.023556089938874907;0.9636109362733387;0.05010846676177774;0.9993372312682285;0.9992353228355383;2.0605099527592543;0.025286677263793248;1.0404068997771012;0.5554102096233565;0.9144347153203273
23214200711;1.3229317038929478;127.66093222822349;43.63739083680117;43.71373698567144;1.7159209742796406;-0.2743706867549624;0.0089569253254808;58.36274379481085;1.5851722766390125e-05;1.4210854715202004e-14;0.0358748804185314;2.029068918780538e-16;70.03633333333335;0.0004418613409008;81.46899100637523;0.9998519513554802;0.9998519513554802;732;0.9992556159841819;0.999237895970154;2.059370165531669;0.025277963309629257;1.042399655846432;-0.00589278093139853;0.9992556159841846;0.9992160747903636;2.0886448674261002;0.02563729882529976;1.067780756642826;-0.14843782057588567;0.9156614913941059
23214200734;0.8103787574036243;129.76165876642202;99.24474750068796;99.15719770689202;1.4214647903109332;-0.2667540069397724;0.0089479558221875;46.52189215314258;0.0001383539650035;1.4210854715202004e-14;0.1025950639872684;1.7732905245349092e-16;80.13833333333332;0.0013485440685598;81.46218123861567;0.9999371810526276;0.9999371810526276;732;0.9987667944286885;0.9984832015386897;2.9073206346180744;0.03568920682472362;1.2398923319791977;-0.10860175721541726;0.9987667944286894;0.9985143523380792;2.8773116416709597;0.03532082738176206;1.2392381803469614;-0.03664323637773628;0.9163744173131352
23214200741;1.1761376255269405;132.1309272399081;51.5047381218461;51.457843609057136;1.8471894032478868;-0.2730828496882582;0.0088348466362772;58.17356796370133;6.255551118068814e-05;1.4210854715202004e-14;0.1106445477695676;1.735822552650397e-16;81.86813043478263;0.000565373644176;81.46050011879306;0.9999194130750848;0.9999194130750848;732;0.9995137652965373;0.9994520567455494;1.7483077199299504;0.021462030277010453;0.8344192768817167;-0.06122102753279871;0.9995137652965365;0.999466190996159;1.7256115154427987;0.0211834142059815;0.8246919571346114;0.013003627019001766;0.916859967644384
23214200761;1.2260399429251712;136.53230610116182;50.80609127841957;50.34449737717966;1.6496654763402978;-0.2839889620749144;0.0092345754970053;64.87557911501175;7.054331092210219e-06;1.4210854715202004e-14;0.016084969350206;1.7649876713154721e-16;80.51531999999999;0.0004385666480688;81.56217730418943;0.9996636398433872;0.9996636398433872;732;0.9986232877060798;0.9986219609407505;2.778372215374133;0.03406446844855651;1.4665046717618724;0.0860284596796272;0.9986232877060793;0.9984203164606981;2.9747105237857734;0.036471690949243185;1.5240388277216066;0.8262722465327219;0.9176368655117789
23214200781;1.241542525772523;145.5254783824255;45.53980774963563;45.35429464046571;1.91978633565392;-0.2656891161605582;0.0088081103538799;67.30837396162809;5.8249518168800935e-05;1.4210854715202004e-14;0.1215259993272889;1.5526483938136194e-16;91.5265476190476;0.0004793173353129;81.62307074551133;0.99986067089747;0.99986067089747;732;0.9995050571184416;0.9995000603744248;1.6818893167981588;0.020605562881137383;0.9234207090759401;-0.00526065638391127;0.999505057118441;0.9994827152075446;1.7108167243196803;0.020959965224216497;0.9227002487645004;0.32726436519655866;0.9215644269393505
23214200804;1.4195733949501643;146.91684693059332;39.12410840756277;39.13045445413577;1.681664269492593;-0.2719654511514145;0.0090614516432911;80.24268071851414;4.58072522144882e-05;1.4210854715202004e-14;0.1605982563085592;1.604640272264541e-16;88.561;0.0002852288266846;81.5664264571949;0.998981381567229;0.998981381567229;732;0.9969080619947531;0.9965636735573041;4.420588009737268;0.05419617116678688;2.5430705572846444;0.38291897921331847;0.9969080619947551;0.9965710692969083;4.415828402602971;0.05413781863939259;2.542488443421227;0.3697507732046876;0.9245308315053339
23214200811;0.9625194557364876;148.09459204152586;77.7774175073507;77.74312408877573;1.391547896545326;-0.2611442443773821;0.008907411204068;62.846861880489335;0.0001100763811953;0.0;0.1674833301362693;0.0;89.75133333333332;0.0006572378343909;81.53044520340012;0.9995455435904742;0.9995455435904742;732;0.9977834203092857;0.997702030215931;3.6177901731817186;0.0443734872801951;1.8584132185129592;0.21345466216811426;0.9977834203092846;0.9976914450245314;3.6261129551393543;0.04447556917042484;1.8606955908885334;0.24930874016735108;0.925659801331589
23214200831;0.9366200336300398;149.88751320923734;79.09759412734347;78.86855249440859;1.635521484507824;-0.258689866608637;0.0086919387275558;52.04867891569242;2.3313299013390625e-05;1.4210854715202004e-14;0.027466997982284;1.69271754938805e-16;83.95290000000001;0.0008487749199394;81.47157459016393;0.99988808391369;0.99988808391369;732;0.9990503527838582;0.9989350557237244;2.464016350535975;0.03024387785471199;1.0270597508908053;-0.04114723914937458;0.9990503527838569;0.9989828749258226;2.4080601114868845;0.02955705868703819;1.0395577656122856;0.19488784028294065;0.92677440995543
23214200851;1.1914038093211416;151.17606175930774;51.12219522586738;51.16887218657899;1.7751606485759046;-0.2609108398408305;0.0088976620791182;56.32776779655996;3.878560216199264e-05;0.0;0.0720789074322468;0.0;75.75744444444445;0.0005380991963349;81.4043327261688;0.9998335026403232;0.9998335026403232;732;0.9994744477109497;0.99947265655722;1.7341881922221765;0.02130338931781075;0.956656748812827;0.06840771563677601;0.9994744477109506;0.99947443632841;1.7312592975814363;0.021267409726274847;0.9630012552344421;-0.005855796706251783;0.9276879790350772
23214200871;1.11927561887917;153.02556172124153;59.17405689907253;59.12368526482338;1.6205268877359695;-0.2555694026154517;0.008719126804404;53.92179605037613;1.792812205001028e-05;1.4210854715202004e-14;0.0270669711083311;1.957635407541231e-16;72.59193749999999;0.0006623615911161;81.2838105362022;0.9998122086009376;0.9998122086009376;732;0.9993856994900583;0.9993814083537098;1.8789744801590063;0.023116220410485656;1.0106269630884233;0.05000359115102806;0.9993856994900574;0.9993753032782534;1.8882238100221318;0.02323001096486679;1.0072896821468391;0.1191534826158222;0.9294259657038633
23214200891;1.2100324416313035;155.4670980732305;49.49775988469217;49.59502222374538;1.7778445260435305;-0.2564771937873981;0.0088742834829445;59.39937363993824;5.431713074198505e-05;0.0;0.1183624664131214;0.0;78.36658823529412;0.0004589050261288;81.10779251044681;0.9997918324080776;0.9997918324080776;732;0.9992832114567456;0.9992101205030168;2.1250045005456086;0.026199757566720914;1.0801427466088571;-0.003947828675095358;0.9992832114567456;0.9991676590353833;2.181373678602008;0.026894748470944314;1.099853783371976;-0.16333115447484164;0.9322166430956225
23214200911;0.7895428585923496;157.56117481484853;101.86466765125353;101.78255177466572;1.4117321739225008;-0.2526408961435005;0.0087294402923783;48.8587248123381;0.0001032487754803;0.0;0.0832625565096783;0.0;85.37371428571429;0.0012400384975968;80.91524785323965;0.9998754252794102;0.9998754252794102;732;0.9993991443994158;0.9993941018363465;1.8635739138966574;0.023031183409049454;0.9085091116686888;0.0727532378021583;0.9993991443994162;0.999394332248285;1.8632195387442978;0.023026803824709525;0.9062510288549398;0.13792256946501982;0.9356564929916534
23214200931;1.13094917611082;160.56553646787347;56.16975756508474;56.07864575211785;1.7187788065290726;-0.2528346316819745;0.0087976130176344;58.56485346153478;2.230141489044749e-05;1.4210854715202004e-14;0.0449192491633744;1.7537324019065374e-16;81.0320588235294;0.0004964779088211;80.60889677756347;0.9997950754658004;0.9997950754658004;732;0.9995343779201845;0.9995298852388648;1.6452678737709647;0.020410499827469484;0.906231639721347;0.11807936311638784;0.999534377920185;0.9995142863553005;1.6723409549541581;0.020746357062408457;0.9175719915750354;0.24864186898654947;0.9413512340276426
23214200961;0.8139573338076217;166.76591373056056;97.98901256793609;97.71648466194854;1.6760438413493928;-0.254579162761432;0.0088914671385896;44.68619118692684;2.557058086060445e-05;1.4210854715202004e-14;0.0179512461853731;1.6854008707987426e-16;84.31735714285716;0.0014244460020519;80.23354391100703;0.9999535569658232;0.9999535569658232;732;0.999810157272974;0.9998026362264999;1.0713202702841746;0.013352523371926028;0.5254169397588291;-0.012374826692829919;0.9998101572729737;0.9998025129097816;1.0716549088745417;0.013356694178474699;0.5512391780564904;0.21080583024531396;0.950450769843713
23214200981;1.1102415509476304;169.40240372275144;57.15090126094001;57.33038417761187;1.7425343504081057;-0.2571737811125404;0.0088537455977335;52.6911029554463;3.035830847880137e-05;1.4210854715202004e-14;0.0478099143902511;1.89118018185215e-16;75.14278571428574;0.0006349793524205;80.09385284933644;0.9998737655078966;0.9998737655078966;732;0.9996318238517768;0.9996312796698239;1.4688474107624994;0.018339077950532984;0.8133235598800413;0.040973886921509106;0.9996318238517768;0.9996173332040187;1.496368406200699;0.01868268728457225;0.8500014815851717;-0.21043289559888237;0.9550562576525906
23214201001;1.1318854070625866;171.3010637954225;55.90807977988072;55.8824305057618;1.6861706564726142;-0.2623482509952057;0.0089119907289993;48.2047519225391;3.1136096555143466e-05;1.4210854715202004e-14;0.0415813598118292;2.149674726610193e-16;66.10699999999999;0.000748799382609;80.02146482240438;0.9998375411650342;0.9998375411650342;732;0.9994742924224739;0.9994579298585407;1.78655918478062;0.02232599951457549;0.9395686399147729;0.012299260641230332;0.9994742924224737;0.9994610582780631;1.781396389799689;0.02226148188805629;0.9378897398676331;0.049005529710020194;0.9589217471357682
23214201024;1.3966827450899222;172.15782620469935;36.985858631212174;36.85166507213923;1.8113464550904688;-0.2583033517191097;0.0089362351312355;57.18134534479413;5.61440319915613e-05;1.4210854715202004e-14;0.150660340102639;2.128288314831954e-16;66.7712857142857;0.0003726530283504;80.00274160811865;0.9997327842816212;0.9997327842816212;732;0.9991793126911099;0.9991245613920796;2.276566703260982;0.02845610859703284;1.2588061589474697;-0.015301331041866807;0.9991793126911126;0.9991525252419439;2.2399117999780565;0.027997938007548868;1.2544276450466016;0.2750233057098745;0.9617510337110232
23214201031;1.4121179966120816;172.82567466949382;37.87771710765659;37.62821382894393;1.7110881770228004;-0.2475776644585747;0.0088806236830776;66.52837130790462;3.502189956812763e-05;1.4210854715202004e-14;0.1042656574116849;1.91681117850522e-16;74.13800000000002;0.0003358910348576;80.018234375;0.9992360763370506;0.9992360763370506;732;0.9983956285845021;0.9983628979376571;3.1273780170955923;0.039083316965472494;1.8577904616910346;0.06081377089890723;0.9983956285845026;0.9983369479118299;3.152066905772762;0.039391857748332905;1.8657495782905256;0.5874991184194491;0.9659475315191222
23214201061;0.8243110975771369;177.02835527673952;94.95231140855417;94.7047127678165;1.6514376289995678;-0.2374504442805659;0.0087319771305376;45.01163576278519;2.3795317911348588e-05;1.4210854715202004e-14;0.0185758542921619;1.7007406933587403e-16;83.55685714285713;0.0012809810809825;80.28029781420766;0.99992348219468;0.99992348219468;732;0.9994423780345555;0.999370028681089;1.952910838412597;0.024326153384884173;0.8678128729984524;-0.01771841774612119;0.9994423780345557;0.9994018091303232;1.9030137093009576;0.023704616962247623;0.8805403486537742;0.19166752955764818;0.9691992112646006
23214201081;0.9877529038865788;179.2032603753507;70.69957023727108;70.7531547666027;1.659920343053061;-0.2444224245214762;0.0086466401148192;58.7924492301694;1.5524095993143355e-05;1.4210854715202004e-14;0.027270291806076;1.5557964399696306e-16;91.34135000000002;0.0005692676889392;80.78361154371585;0.9997142743766956;0.9997142743766956;732;0.999063953996112;0.9990177388883145;2.4497715877789723;0.03032510605759789;1.308862054747231;-0.02001674689664604;0.9990639539961107;0.9990057792530039;2.4646402066271142;0.030509160948980107;1.3189840363262317;-0.08125933119679585;0.9675843898419821
23214201101;1.0495724045224568;186.20591498562183;66.45891783158768;66.36169424675825;1.652920021348481;-0.2353465735736172;0.0085035600111805;55.57261848194157;1.1133868403886723e-05;1.4210854715202004e-14;0.0161721363168129;1.7847536654923192e-16;79.62361971830987;0.0006884599650765;83.65005753097822;0.9996136478026464;0.9996136478026464;732;0.9987906829751292;0.9987897068646564;2.7310714977852606;0.03264877010722748;1.4766270858726216;0.07267504271016736;0.9987906829751307;0.9987812527338026;2.7405934290255534;0.032762600647472676;1.4718619798154977;0.19494144429018614;0.9384724779885907
23214201121;1.030542590321918;199.5066570451697;70.70079709342605;70.51637577129428;1.646319939396745;-0.1882868341341928;0.0077613450490232;51.8057505574223;1.0657120567239972e-05;1.4210854715202004e-14;0.010708070364728;2.0273432437600092e-16;70.09594827586206;0.000995241925412;85.88360061710948;0.999755026762416;0.999755026762416;732;0.9985258533495072;0.9985034004590215;3.0210968547478063;0.03517664412111236;1.5497382700688103;0.15024818712008706;0.9985258533495072;0.9984549688396651;3.069590670821919;0.035741289940869156;1.580871436789734;0.37388156688289775;0.9092882963595975
23214201131;1.1116389058572718;212.3038030413218;59.48353907456178;59.39076747285045;1.6783306335262884;-0.1895083970090278;0.0080187308876508;47.81399744942563;1.4941808387290338e-05;0.0;0.0125037423741294;0.0;61.43301724137932;0.0011949869039372;82.96662484218956;0.9992893955660104;0.9992893955660104;732;0.9971340651088132;0.9971025266390542;4.199724894009277;0.0506194497124302;2.224845661442071;0.25546329879624546;0.9971340651088156;0.9970724158663997;4.221490429733;0.050881790572566706;2.256610501242404;0.3844611199609744;0.9403893319183353
23214300011;2.4848940637892563;24.87815592244188;73.33449734999994;72.62786215128799;1.6056274039596723;-2.5667128466495965;0.0111766584770257;123.66545919140694;1.001218325743763e-05;1.4210854715202004e-14;0.0326447024606604;1.1351242001692795e-16;125.19206896551722;0.0003067016239312;329.2369945355192;0.9984302759143814;0.9984302759143814;732;0.993560721395714;0.9931835931888945;14.239701386364732;0.04325061163449695;7.473232508532039;0.11611618279269596;0.993560721395714;0.9923664877658155;15.069031271785311;0.04576955664731539;7.946973808397936;3.287453079874882;0.5238591122253369
23214300021;2.2893682014650274;29.51243421879623;88.31157240154222;89.23901502483282;1.5405885788043905;-2.519377667541054;0.0109827645564938;116.59799272558188;3.323786675542058e-06;0.0;0.00917040072227;0.0;121.09181818181818;0.000362447266614;329.23890244659714;0.9998976371654908;0.9998976371654908;732;0.9985638664800964;0.9984462584834902;6.818336594920447;0.020709389274028416;2.067235472421248;0.6225236226253362;0.998563866480096;0.9982964425168341;7.139494246443533;0.02168484402477792;4.107517158648418;-2.82858508424942;0.525385286840966
23214300031;1.9497296790192704;33.35850075642779;114.17149871955137;114.85069856709808;1.5262409907822334;-2.584714331486115;0.0112200058201155;119.5555865620065;3.115274799589191e-05;2.8421709430404014e-14;0.0603780574555507;1.946553040936944e-16;146.01045454545456;0.0005159614155991;329.2195973050174;0.9999143343243116;0.9999143343243116;732;0.9987714385774524;0.9987540973153403;6.114521991650429;0.018572776474133797;2.0708549683766253;0.7213459006226839;0.9987714385774513;0.9986849951894406;6.2818002326059625;0.01908088183093779;2.5379982557385903;-1.23287178746499;0.5261805264717926
23214300041;2.1567808733222464;37.09871182563467;87.93581803908634;88.27190603844336;1.6592067238160078;-2.627922645461912;0.0113826354984272;119.07194096034446;1.864059407642968e-05;5.684341886080804e-14;0.055077016361172;4.090939533112991e-16;138.9495454545454;0.000338445967265;329.1930067064083;0.9999292034380204;0.9999292034380204;732;0.9991319036234845;0.9988771816308922;5.809292274424324;0.01764707073381227;1.9889499535847237;0.6759936627915365;0.9991319036234831;0.9989834808391832;5.527468256683337;0.016790965008600636;2.444976803436883;-0.5795882847090468;0.5266448867768088
23214300051;2.117302947503688;42.09205667231471;91.4558939835924;92.8987087034422;1.65028935577156;-2.5477197559096387;0.0110714433883221;121.09919719568256;3.1948912441834734e-06;0.0;0.007489187757539;0.0;147.80216216216218;0.0004266005002968;329.1541018682617;0.9999225261039568;0.9999225261039568;732;0.9993173196792886;0.9992998656939986;4.589945441608993;0.013944670339991814;1.6709038967212222;-0.1531020001901238;0.999317319679289;0.9979699771107783;7.8156897535486305;0.02374477398029427;5.717046312052374;-5.348275984047513;0.527008442632916
23214300113;1.49108130070667;61.399861011446106;137.25867652352972;132.31576951340736;2.0556465056211595;-2.5138632576949616;0.0110305764301866;120.38705397862174;2.2085569287498767e-05;0.0;0.0249239675699323;0.0;252.8504;0.0008861177188395;329.1813043715847;0.99998387649604;0.99998387649604;732;0.998757309804435;0.9976537005101801;8.403894855365724;0.025529684534815755;3.3771353839386573;-1.1058579626746579;0.9987573098044332;0.9948699133405403;12.426569060915085;0.03774992350989591;11.203279548538614;10.788317119040952;0.5270523150162516
23214300131;1.5468541659578443;47.447670795497565;140.9592157892024;136.62897676862335;1.8342624193258752;-2.576108717616654;0.0113415088399568;108.99230891757765;3.433187215388329e-05;2.8421709430404014e-14;0.033682692870177;1.360573945302856e-16;208.89499999999995;0.0010192733783551;329.1353702185792;0.99996628443764;0.99996628443764;732;0.993875217256327;0.9888667220983915;18.31009173381389;0.055630884403745896;7.4850450472015915;-1.4122070651150653;0.9938752172563277;0.9899298411842132;17.41394446679626;0.05290815282244396;12.276206674894645;8.742148641944476;0.5272352508382494
23214300151;1.4910370000707276;55.85624468639076;142.77417918274975;140.3668455709475;1.9596206212831853;-2.5897759876333906;0.0114640900925821;89.32749306133647;9.653089642185902e-05;2.8421709430404014e-14;0.0534036596345022;1.5082630773935472e-16;188.44000000000003;0.001807570812235;329.1590968427444;0.9999741779177568;0.9999741779177568;732;0.9908577909199185;0.9834733609530001;22.30524823470898;0.06776433781918324;9.145271179699407;-1.2900754446239129;0.99085779091992;0.985708342059199;20.742261085924223;0.06301591323126589;11.085616004874764;4.281670118846475;0.5271193122263848
23214300171;2.118656945145608;52.878757325089815;90.7007848565958;90.01351778475794;1.659035046782556;-2.5551534231885147;0.0111167363181307;126.66472903678128;3.744574161986112e-05;2.8421709430404014e-14;0.0810941713994512;1.8750656526881926e-16;151.5771428571429;0.000461756264028;329.15239851678376;0.999905308832032;0.999905308832032;732;0.9992992058844751;0.9991641559936321;5.016231488191952;0.01523984485847874;1.9777014571630214;0.1614677577397741;0.9992992058844751;0.9987014816882941;6.252288261709985;0.0189951168209129;2.7319890390922774;2.654330790859821;0.5271302380788927
23214300191;1.9297365794711552;51.84251881078296;97.74887662874391;97.21830295480524;1.7718628746570453;-2.577647872941557;0.011254662025301;102.01971121317132;4.711825588915868e-05;0.0;0.0847817849847053;0.0;142.26722222222222;0.0005557591869251;329.1436976320583;0.9999535646134792;0.9999535646134792;732;0.9996982844169806;0.9995881809213325;3.5210523099108024;0.010697614249466508;1.1404957482592673;0.7785622001223296;0.9996982844169795;0.9992595957103876;4.721214246117153;0.01434393026536052;2.5648525237257163;2.560903873072683;0.5271493824433411
23214300211;1.673590594488732;49.88631737994015;126.64250204683113;124.06837791663862;1.7629040547621102;-2.511316653215128;0.0110243902112429;111.22902317567764;7.961059218415128e-06;2.8421709430404014e-14;0.0125103630433956;1.585033401393318e-16;179.31300000000005;0.000636357169716;329.1381543715847;0.9999628119177172;0.9999628119177172;732;0.9997669462999259;0.9997582712852218;2.697796466961136;0.008196547349887076;0.9952730722540651;0.10204150332304036;0.9997669462999255;0.9976997198004953;8.322147917017674;0.025284664832939056;6.790000001850898;6.790000001850898;0.5271895955389766
23214400013;1.3995752855069818;64.32632841467334;91.74683772171458;91.462371493906;1.515440529116466;-2.4746305173445253;0.0236843380040111;162.86417684027845;2.7774036801655543e-05;0.0;0.0764383789777548;0.0;277.70508196721306;0.0003633519859145;161.9374303502643;0.9766781928813476;0.9766781928813476;732;0.9273272186999755;0.9202337793407466;23.34385858225359;0.14415356926290446;14.601264695525021;4.244559771665736;0.9273272186999755;0.9192125089204695;23.492822440675205;0.14507345454266599;14.745837585067513;4.733495381434262;0.5104061424860913
23214400021;1.4259174462865385;72.17823439992858;87.24436374904421;83.65089552703552;1.6270583940178844;-1.6354927300440534;0.0136241683336309;67.1956407488142;2.3240773868231875e-06;1.4210854715202004e-14;0.0030097767180572;1.1736527122581775e-16;121.0822807017544;0.0007721760132171;161.96850165372447;0.999975065169398;0.999975065169398;732;0.9997525186338501;0.9997091062826999;1.4135550358683886;0.008727345264269066;0.4865953188605205;-0.08391064760045763;0.9997525186338492;0.992207754173564;7.316053520659257;0.045169606719585434;6.590792093996896;6.590792093996896;0.5116994931260018
23214400031;1.3144970803581753;81.92901156106997;97.04621385514726;96.2092305738315;1.707854261767947;-1.6092531292450618;0.013692538810089;70.52640771997723;3.151488191863094e-06;2.8421709430404014e-14;0.0039451994295059;1.9934060201397021e-16;142.57862745098038;0.0007988159402775;161.9889579717133;0.9999808476025068;0.9999808476025068;732;0.9997261354635252;0.9996515495852379;1.55052278524886;0.009571780722977513;0.6102330070189924;0.023150794807205773;0.9997261354635247;0.9994338606042156;1.9763749846241865;0.012200677190412592;1.5990748993042325;1.420038600798529;0.5127695743723839
23214400041;1.3772110610168282;93.434538042095;91.31273671347172;82.95363599971375;1.6669354684043534;-1.6396454144842054;0.0137569555172999;74.12123446291058;1.8211277327907904e-06;2.8421709430404014e-14;0.0026205884515884;2.0582955914604223e-16;138.08371134020624;0.0006949308395551;162.00755846149514;0.9999695886851304;0.9999695886851304;732;0.999819324460363;0.9996796947698376;1.4903891005148027;0.009199503496431175;0.7688422753426915;-0.6353538547745265;0.9998193244603641;0.9635778325788954;15.892804603041474;0.0980991550886113;14.253571100970719;14.253571100970719;0.5140227890195176
23214400051;1.3523527503521644;105.995100048837;91.84441769690956;85.4151196052342;1.728739063832897;-1.6374518182130091;0.0137483336200047;68.06374680091903;4.246539726436796e-06;2.8421709430404014e-14;0.00496711711877;2.0749413126214142e-16;136.97596774193545;0.0008549304606468;162.00081797549797;0.9999722580885626;0.9999722580885626;732;0.9996973179633241;0.9995712860260395;1.7278242455374402;0.010665527909857636;0.6852325201957736;-0.07784903102093779;0.9996973179633241;0.9779135607033314;12.401625059294517;0.07655285457367393;11.267990929825833;11.267990929825833;0.5151082868880281
23214400061;1.2964028551640832;118.51720392010458;96.58649434078936;89.71968641709415;1.8087791019743504;-1.6218091758876974;0.0138488247968362;65.39363636328949;8.513783797654823e-06;0.0;0.0072152002821502;0.0;141.985873015873;0.0011799788591755;161.98015521727817;0.9999646552597872;0.9999646552597872;732;0.9992621596322018;0.9987305016045349;2.9743053650929543;0.018362159000917477;1.1538931507230026;-0.3079750800811058;0.9992621596322013;0.9786723242593796;12.19105360676881;0.07526263689780938;11.229884603650728;11.229884603650728;0.5153563902787504
23214400074;1.0584223921024394;130.04348449158184;135.20962107103747;124.27019888080352;2.174107273125097;-1.6969938068317874;0.0144392040297437;61.50366004516018;1.8892647028952167e-05;0.0;0.0097946776442392;0.0;195.7842857142857;0.0019288686892175;161.96516978922716;0.9999935980204376;0.9999935980204376;732;0.9966971977176656;0.9939153676207915;6.510931628225298;0.040199578938473486;2.477050873147793;-0.5486478678133582;0.9966971977176659;0.9728428397360595;13.755238986755447;0.08492714208033605;12.695827366513267;12.599878464961627;0.5153524346404728
23214400091;1.214575088174738;136.53175419608448;108.00671224794084;102.269872994272;1.835892532029996;-1.5677033126929412;0.0133473769164163;81.03531119950257;2.1040848071659565e-05;0.0;0.0267296703923713;0.0;186.7708333333333;0.000787171998861;161.9595722620674;0.9999938810231652;0.9999938810231652;732;0.9998401772379236;0.9997092143885113;1.4222682055502491;0.008781624856657878;0.5309207556501724;-0.2431133400250507;0.9998401772379234;0.9879461855610624;9.157086059450808;0.0565393322021973;8.372376516535498;8.372376516535498;0.5149777007549651
23214400101;0.932528038229807;151.09004142126028;104.16533960277212;96.04356461848153;1.690508765279412;-0.884328262592852;0.0130091642178711;37.76024835223039;3.2540790441753126e-06;1.4210854715202004e-14;0.0026822094856096;1.489413089229614e-16;95.41244680851062;0.0012132083872023;97.41244483199628;0.999078757442626;0.999078757442626;732;0.9990629522916769;0.9990358031081158;1.661500267221968;0.01705634500897188;0.7556722219213864;-0.010362337382056648;0.9990629522916775;0.9736164355109262;8.691290909857344;0.0892215663496271;7.669627339503052;7.585697169407727;0.5492917908827444
23214400111;0.9142054361455052;176.1189046832798;108.1744188663826;100.75315679601408;1.7860678394138167;-0.8993217466939806;0.0130936006548383;33.963404470728776;2.031874114981248e-06;2.8421709430404014e-14;0.0012789844766996;3.0981527127812367e-16;91.73760000000004;0.001588662061188;97.35053770491804;0.9999729541223898;0.9999729541223898;732;0.9992327037267104;0.9988193265510658;1.843381708351711;0.018935506180142912;0.6130935498168499;-0.12798101540871826;0.9992327037267099;0.9818054750747934;7.236369515266433;0.07433312322527481;6.55949316967039;6.55949316967039;0.5510766639189881
23214400133;0.9752398093780852;207.5908513271433;95.6284939159316;83.86181911374607;2.2939668785217715;-0.8826969572499593;0.0130771384128908;65.06647979860018;3.4872659285630206e-05;5.684341886080804e-14;0.0683076022498297;2.7904678026390193e-16;203.70569696969693;0.0005105238382996;97.32903411160788;0.9999545971918852;0.9999545971918852;732;0.9988424360951431;0.997886784622726;2.4785032038557206;0.02546519881224347;1.0582384784101033;0.15854996583620617;0.9988424360951411;0.9391384277010342;13.30114988514964;0.13666168586340968;12.114960032477816;12.114960032477816;0.5539558971494659
23214400141;0.9545394110049804;213.3059149541107;99.74051545124014;90.52640403064837;1.721840658743964;-0.8631085948610271;0.012652181276799;30.931653637719844;3.8046403416071566e-05;1.4210854715202004e-14;0.0178525307090516;1.835527358201059e-16;77.42110000000001;0.0021311490250948;97.37098214936248;0.99996313316457;0.99996313316457;732;0.999605307016729;0.9995427231838975;1.1563864562088773;0.011876089063526494;0.49824189451705087;0.2059637848676981;0.9996053070167286;0.9633662339413397;10.350329811433536;0.1062978885799531;9.18214865160802;9.18214865160802;0.5553718388362475
23214400163;1.0222674948579706;225.8685557405892;87.03303544170066;81.95040502175559;2.087207847186522;-0.8833790725922792;0.0129048317434062;50.39685025360976;4.590414923355761e-05;2.8421709430404014e-14;0.0991739031326866;2.0307484693944183e-16;139.95681818181814;0.000462865207313;97.44899850968704;0.9999437360080032;0.9999437360080032;732;0.999346448016136;0.9990340852203218;1.6827254081579945;0.017267754762925767;0.7172776464177248;-0.0027380763202275045;0.9993464480161354;0.986566577925327;6.275338784419843;0.06439613418701307;5.688332657163504;5.688332657163504;0.5556054107972672
23214400171;0.92254125035504;235.84405246863736;106.7955819422002;95.83233477221138;1.8415776125915504;-0.8893077657833046;0.0131315709101312;25.073878473915137;1.298863399655848e-05;1.4210854715202004e-14;0.0041101060900687;2.05994999416309e-16;68.98640624999999;0.0031601700082494;97.57745175887976;0.999976166585228;0.999976166585228;732;0.9989742814793063;0.9983811094875664;2.180327185528724;0.022344580087174794;0.7486957856356773;-0.0993010957553418;0.9989742814793072;0.9588791334993537;10.98864288541303;0.11261457116718605;9.927840147660913;9.927840147660913;0.5553457576773725
23214400193;0.8626807063410968;255.94275781560955;130.91592429544292;143.70249811648105;2.5049048847782163;-1.25784383757789;0.0183090823807082;37.602440795407176;3.890343030890867e-05;2.8421709430404014e-14;0.0159672550086824;1.9125782316828714e-16;148.60416666666669;0.0024364507417057;97.64789389799635;0.999986591791908;0.999986591791908;732;0.9934015816793645;0.9869311138031608;6.196198944188909;0.06345450676756531;2.1972687565967512;-0.347271327429973;0.9934015816793634;0.9255552287401729;14.788467295574794;0.15144686388241949;9.918470713625341;-9.918470713625341;0.5550641579201916
23214400201;1.0623104588580612;257.83836754162206;81.26357584881687;77.07227020826426;2.0077961281956687;-0.8762360134209852;0.0128939257230476;69.29549814477483;2.8727991860978988e-05;2.8421709430404014e-14;0.3622298553789032;1.6351230830976875e-16;173.82;7.930873569471144e-05;97.65941666666669;0.9993907717154974;0.9993907717154974;732;0.9994584183060862;0.9992829378747584;1.4525016374994875;0.01487313448182062;0.9363985811974886;-0.22696191911807967;0.9994584183060848;0.9899851732692987;5.42825146964018;0.05558349266172673;4.8216927384512545;4.8216927384512545;0.5554233235268035
23214400211;0.7988178892889056;261.5465683686106;76.67426194849398;77.8691808941857;2.0954682973006564;-0.4451526438855971;0.0125800535475073;14.707356183304954;0.0001728569838211;1.4210854715202004e-14;0.0161117032244939;2.8090059461692957e-16;50.59033333333333;0.0107286598699466;51.80329348816029;0.9936684575101802;0.9936684575101802;732;0.9915576006903705;0.991320321506425;2.798650343426279;0.05402456398000861;2.09042425244754;0.27393817994559505;0.9915576006903702;0.9904562616670747;2.9346484585359596;0.056649843300149966;2.06294627401448;-0.5291136049992435;0.5798817637211183
23214400231;0.7077219590701637;281.5657089484634;87.61760409615714;87.85976672043387;1.7046730165594506;-0.3970924690822562;0.0117467945226366;21.399361955236586;2.0896164696267344e-05;7.105427357601002e-15;0.006858255149188;1.1136232136845526e-16;63.80459090909092;0.003046863122137;51.54809184053651;0.999947346204336;0.999947346204336;732;0.9997822759700526;0.999673210071194;0.5463769350589031;0.010599362955065621;0.24358045068606982;-0.08247005903793092;0.9997822759700524;0.9995610829508839;0.6332121669737709;0.012283910894948473;0.29961829982817245;-0.22516960545284476;0.5863344773846432
23214400251;0.5614489690319967;307.43028847540086;130.38317654460158;130.57300813740724;1.7187438044762382;-0.4002695508094142;0.0122222729569846;21.288904430091627;2.624225745565266e-06;0.0;0.0008201571458546;0.0;80.24171875;0.0031996621121073;51.29696939036886;0.9999886492979712;0.9999886492979712;732;0.9998474456674867;0.9997078610636307;0.5164538558491393;0.010067921399389822;0.19339537423684217;-0.10603323380336399;0.999847445667487;0.9996489569022807;0.5661311108113796;0.011036346153378647;0.21269993754563485;-0.18087351704958607;0.5890404163897914
23214400301;0.7618641799359129;327.3188683209068;76.79931150691517;76.26086839377531;1.7357240757576518;-0.3914363458780084;0.0119357180365151;18.829635058708657;1.6483645367672092e-05;1.4210854715202004e-14;0.0058877493889244;2.6981440154933656e-16;52.66899999999999;0.0027996513232509;50.9872803030303;0.999972059221814;0.999972059221814;732;0.9997868643265456;0.9996841036288028;0.5376493293218714;0.01054477364014094;0.24048388221664826;-0.010428667118060089;0.9997868643265454;0.999645887923143;0.5692422926055227;0.01116439804638278;0.4280099391305228;0.3471183556624097;0.5932871510746567
23214400321;0.8693593663146705;336.48197731752055;60.487097193486925;60.40654731973417;1.672213883317904;-0.3994586970481288;0.0119740529239723;17.758143428011074;1.1972978040461116e-05;7.105427357601002e-15;0.0044691191305582;1.6848984456474502e-16;42.17124999999999;0.0026790465169286;50.82343698770491;0.9999495643326672;0.9999495643326672;732;0.9997894760124798;0.9997512696581404;0.47763493937159024;0.009397926777111485;0.22255336112026702;0.022112302505441588;0.99978947601248;0.9997576689831441;0.47145061566896695;0.009276244260753541;0.24536066267980333;0.08976376008449638;0.5958921627419771
23214400351;1.0611637328660593;343.6658041115091;42.481492024277685;42.1417462564895;1.7828178160292172;-0.4085022470626408;0.0123900823822228;30.53244888566809;1.9830811029082368e-05;0.0;0.0281866778156566;0.0;62.88417647058823;0.0007035526200986;50.460554805528766;0.9998389255798472;0.9998389255798472;732;0.9994269037277668;0.9993347653138512;0.7842649207864232;0.015542138286210328;0.3852769907023631;0.009411346269294563;0.9994269037277665;0.9992402016703842;0.8381553361499232;0.016610109408826592;0.5624764611375306;0.4128944080356391;0.6025919503212536
23214400461;0.8617452742573748;151.88896172335498;79.8990658544718;74.57358381381917;1.783660681438351;-0.7890804732838879;0.0160616891832555;21.36395963723431;4.813572675982563e-06;1.4210854715202004e-14;0.0031270223802039;1.9343848787128278e-16;73.46446341463414;0.0015393470499141;64.54374978341995;0.9990231053483132;0.9990231053483132;732;0.9985735455817747;0.9985484145089393;1.4842212798021357;0.0229955849293312;0.8432762188524426;0.07127419900416544;0.9985735455817765;0.9821233743874394;5.208589331139149;0.08069858582150638;4.368533587075035;4.368533587075035;0.6035637548600784
23214400481;0.8850619908483317;172.6017336490343;73.32722290158216;69.21801515806179;1.7937088791877578;-0.7184929836195437;0.0153642692575135;20.50159131822779;1.122277935696774e-05;7.105427357601002e-15;0.0049737150149233;1.1401712993933002e-16;62.31894594594595;0.0022564178533137;62.320993981686605;0.9999569835928508;0.9999569835928508;732;0.998590339764815;0.9976809972276864;1.9060049858329113;0.030583674361692664;0.34123833256131525;-0.09359045692271895;0.9985903397648166;0.9904304105193892;3.8718636260287527;0.0621277578975477;3.4298433951588327;3.4040804425735396;0.6350954875049271
23214400501;0.9038695606099784;186.8783907144292;66.09064210874138;65.47010530947152;1.67531663426304;-0.5774210961992483;0.0139747521517222;22.02558464651808;9.560526787818325e-06;0.0;0.0064150411575368;0.0;55.5148695652174;0.0014903297660975;59.25413177120456;0.9999735048303048;0.9999735048303048;732;0.9996535460151504;0.9996039880689096;0.8059644747211377;0.01360182742754841;0.19848545670489026;-0.08289620977776634;0.9996535460151489;0.9995090686435565;0.8973712471170886;0.01514445018926393;0.5189216069164616;0.4742297046735123;0.6835072494428474
23214400511;0.7467811064232606;205.5108012794356;67.30963370427423;67.37855997020907;1.4919514555768532;-0.4170202545042278;0.0129839871640263;17.915806737495267;1.4331781272405511e-05;0.0;0.0057490535081656;0.0;46.405276595744674;0.0024928940480462;45.052107196837575;0.9993126859270232;0.9993126859270232;732;0.9942985631244268;0.9942449454511979;1.5440856725293126;0.034273328565588145;0.5848239858420387;0.06319545659537251;0.9942985631244259;0.9942391879809286;1.5448578463592164;0.03429046813747388;0.565731600186062;0.017126008225609324;0.4517847447739958
23214400531;0.7996137509582628;238.3184648643832;62.67331973321141;62.745159628721794;1.6630069214942955;-0.4130795202966315;0.0128709208970817;16.55244981605288;1.885541862425116e-06;0.0;0.0006807377169236;0.0;43.0188918918919;0.0027698507303901;44.95286137571998;0.9999778493038578;0.9999778493038578;732;0.9999442062752771;0.999932884518149;0.1673887435928306;0.0037236504745222047;0.09822922929431349;-0.025501923048193532;0.9999442062752767;0.9999117108120936;0.1919855995638294;0.004270820448095547;0.11109523441518661;-0.07705880456279178;0.4545247664415614
23214400551;0.6626936601432483;271.1575831382886;82.91784483023342;81.00869881085819;1.5848631467396015;-0.4207890824657851;0.0129856705839312;15.746331456583276;5.61929998822667e-06;7.105427357601002e-15;0.0016771051152422;1.4934285060137863e-16;47.57795454545455;0.0033505949848677;44.86121888971684;0.999982400292744;0.999982400292744;732;0.9998801866586451;0.9998422649749281;0.25782757911735665;0.005747226346015675;0.1943764153061652;0.002381527610688988;0.9998801866586446;0.9970479051644165;1.1153995212226533;0.024863335166274918;1.0358501939311677;1.0352360471536164;0.4576086571400934
23214400571;0.7040444837779376;293.3028976043913;78.2291540881798;74.10856120421828;1.7748529029764593;-0.3525372843212742;0.0118152354714788;16.00753639658681;2.4229499382182755e-06;0.0;0.0005924960610166;0.0;45.25084375;0.0040893941709259;44.17285429474044;0.9999848402346598;0.9999848402346598;732;0.9997331273933631;0.9995900407184941;0.429452923577473;0.009722100381197394;0.28185832209834705;0.01986338077297;0.9997331273933622;0.9857924809108766;2.528158663135499;0.057233309993203696;2.3455500417923827;2.3455500417923827;0.4801641583650095
23214400591;0.6835335295893155;311.6385773626164;82.21202263251782;82.48152974129067;1.7728013434244536;-0.3316491547216315;0.0115132436527883;16.32477623786215;8.785832879253444e-06;1.4210854715202004e-14;0.0021566306861796;3.000328245980169e-16;47.36433333333333;0.0040738699192012;44.16279986338798;0.9999893376827024;0.9999893376827024;732;0.9997633735692099;0.9996246855148108;0.4114883295101215;0.00931753264700174;0.29594140361007876;0.09115627599640065;0.9997633735692096;0.9995531390976862;0.4489996870999312;0.010166920767905449;0.2683981178407052;-0.05331920169860575;0.48095368877582945
23214400611;0.7784429993555915;320.6085510753636;64.41600459566045;64.55787210229853;1.6997815838550303;-0.3442763733817968;0.0117706218265941;17.981694804821018;6.4917403432116265e-06;7.105427357601002e-15;0.0025044856796174;1.605020862344929e-16;44.27;0.0025920453033706;44.163115616911135;0.9999832722469496;0.9999832722469496;732;0.9999035024385466;0.9998835722283514;0.2293698472796699;0.0051936971401501065;0.15763177552770835;0.027605266060956275;0.9999035024385449;0.9998507546135867;0.259691951571064;0.005880290553405196;0.15021451155026416;-0.06959720476872389;0.48133598199096356
23214400631;0.7089545474898166;331.12251081145115;76.78152608947161;72.38224433256204;1.7557272642606836;-0.3428151854877632;0.0117030023933923;15.36492195906501;9.976579466938284e-06;7.105427357601002e-15;0.002248555414632;1.6669428763535918e-16;42.6255;0.0044368839664869;44.16937602459016;0.9999909668601028;0.9999909668601028;732;0.9997593115015514;0.9995807542720535;0.4355259322662141;0.009860359630703098;0.28168989227237196;0.0187202735299414;0.9997593115015512;0.983405589917093;2.7400633590395733;0.06203536489884109;2.5483805224666605;2.5483805224666605;0.4815688998489797
23214400651;0.6310078542257573;340.56498462062115;96.95649088962188;95.0636663033736;1.8236625116592733;-0.352495999847203;0.0118539480555088;16.267348216648887;2.098678936243003e-05;7.105427357601002e-15;0.0044463290684089;1.3527576810503474e-16;52.5255;0.0047200261248184;44.17761714480874;0.9999916475963652;0.9999916475963652;732;0.9995478985350399;0.9992414535622255;0.5859281351514128;0.013263009030813346;0.3773502671598227;0.016183782581990776;0.9995478985350403;0.9978377661063301;0.9892466797167905;0.02239248614234133;0.9121845945918725;0.8783214905890704;0.4815606353166259
23214400671;0.6051428248716199;350.0637259019027;116.07658553032373;110.38144428085693;2.0486659469256714;-0.3596800702142376;0.0121080074019262;17.250727544695092;1.1818282661488386e-06;1.4210854715202004e-14;0.0002457060665427;2.21145051356752e-16;64.26033333333335;0.0048099270920662;44.187938524590166;0.9999944699743908;0.9999944699743908;732;0.9986069558559456;0.9974441428895454;1.0755280389315762;0.024339855509056055;0.7007461782318768;0.0613902689704659;0.9986069558559454;0.9873752857023477;2.3903650546429773;0.05409541912240966;2.2323030539539803;2.226399896183491;0.4814483588849643
23214400684;0.6273937595476757;358.7628835127415;144.17989969817586;160.384684771584;2.9916639221978967;-0.33215847352574;0.0129205469225523;12.985678378918886;5.791320415147504e-05;0.0;0.006863489404668;0.0;68.23983333333332;0.0084378660382408;39.00820514571949;0.9999082076924394;0.9999082076924394;732;0.9940052868242261;0.990737985322566;1.9144697380284466;0.04907864206714285;1.1042251524799211;-0.023387675718878807;0.9940052868242256;0.9140090785401849;5.8334042646502215;0.149543006217766;4.410258342630512;-4.410258342630512;0.509964336494873
23214400691;0.6484100549865712;367.4076978856565;75.2103925612789;73.33283646753597;1.742979639216597;-0.2793772160278038;0.0114236788880379;19.097308963851155;1.99247539604122e-05;0.0;0.0099685388177956;0.0;59.190666666666665;0.0019987637430716;37.31175288403157;0.9999900260674544;0.9999900260674544;732;0.9999213221267892;0.9998433815482275;0.2434430132985932;0.0065245665100548056;0.15901348694306988;-0.06402473515351999;0.9999213221267901;0.997637363835528;0.9455277414946722;0.025341284405304174;0.8724916907221558;0.8690260924977926;0.5213509861316109
23214400711;0.619071655381972;382.0341964824535;80.69234808699287;78.7940017458341;1.720049354689704;-0.2794195186923125;0.0116197168991787;12.567700055856022;7.278155441498949e-06;7.105427357601002e-15;0.001267686242203;1.8546702925011102e-16;38.31099999999999;0.0057412908645681;37.30332222872756;0.9999949747899308;0.9999949747899308;732;0.999854864465354;0.9996890195194649;0.3439298239994471;0.009219817524311126;0.1760074504969647;-0.0877491246854836;0.9998548644653538;0.9980683209170661;0.8571774962665377;0.022978583274988282;0.792008014291085;0.7919030998257512;0.5228242950736205
23214400731;0.5834314378469232;407.1971927349198;88.26595401690555;86.70804031900984;1.6992320693064236;-0.274942742871553;0.0115330162256374;13.063603262328588;8.28558048533718e-06;0.0;0.0015399792809665;0.0;41.779535714285714;0.0053803194547767;37.3570731264637;0.9999866682785086;0.9999866682785086;732;0.9998890299005082;0.9998348483587794;0.25055198651578664;0.0067069490606933;0.17177884003969693;0.051739340853218484;0.9998890299005089;0.9984432365833202;0.7692503669887064;0.020591826463079367;0.7101970976488252;0.7101867700629331;0.5218955104804144
23214400751;0.704218616295494;462.0361677626557;65.32624928785826;61.22998264453942;1.7503547921590104;-0.2736965703979744;0.0115511306288956;16.34274432813001;1.5495347218225678e-05;7.105427357601002e-15;0.0040344141430612;1.613399127357686e-16;44.04010909090909;0.0038407924096924;37.46496094386488;0.9999922288985932;0.9999922288985932;732;0.9999041539184927;0.9998420659228541;0.24574482984744003;0.006559324330156076;0.1620538609860734;0.034127878773716286;0.9999041539184927;0.9819951449831866;2.623863754857425;0.07003513920083505;2.3812192025161716;2.3812192025161716;0.5219407218854344
23214400801;0.5816955147673363;273.8370416039703;86.33934085549915;86.21974632109779;1.604982003522236;-0.214673071067436;0.0102071073354007;18.587527610815894;0.0001223091740523;1.4210854715202004e-14;0.01108611981419;2.6069884947974297e-16;54.51061538461537;0.0110326404641446;39.05605235393023;0.9976005962086268;0.9976005962086268;732;0.9958910939821263;0.9954080126653029;1.8352516209540526;0.04699019768620754;1.2351460391522568;0.028233496817975972;0.9958910939821265;0.9954599018770784;1.8248530389618154;0.04672395004043924;1.2421417182394299;0.08229360173270535;0.6934368731394767
23214400834;1.0899353143618022;280.62665620451;28.434979488499188;28.296675585753707;1.638712894683982;-0.1452739440304896;0.0090396324167187;47.0802983057631;7.761992758294397e-05;1.4210854715202004e-14;0.3759017534984939;2.0879687800886472e-16;68.06066666666666;0.0002064899321712;36.040435245901634;0.99946104051214;0.99946104051214;732;0.9971424956197111;0.9962528157660852;1.690227716219472;0.04689809389612401;0.7174324701364431;0.1321327572976579;0.9971424956197109;0.9958524942666981;1.7782228779416653;0.049339661572036016;0.7124005002017676;0.30678589454179883;0.7661303528935262
23214400844;0.4827044006384316;282.9804824317692;103.50142208834713;103.04928062356454;1.5683718505074995;-0.1397573800891993;0.0088521647871617;23.38041956813368;6.638407115527931e-05;1.4210854715202004e-14;0.0281329476837122;1.968271513054355e-16;72.19966666666664;0.0023596557282802;36.0846533014572;0.9999932385305974;0.9999932385305974;732;0.9948697558223818;0.9928089188581936;2.343523861770633;0.06494516774742007;0.7097198077839859;-0.030641594693653657;0.9948697558223816;0.9931817178161196;2.281969160198721;0.06323932617932536;0.7432083165990526;0.12712650168537298;0.7658606363695266
23214400861;0.4943979463059447;291.3364284607203;106.71870939267843;106.3031071304228;1.6714982420071072;-0.1415592422988708;0.0089699686819437;22.14998079984201;8.215474198840332e-06;1.4210854715202004e-14;0.0030927826257718;2.0247171591578843e-16;70.18686363636365;0.0026563374129114;36.22586122702434;0.9999938810231652;0.9999938810231652;732;0.999939223712154;0.9999205196347635;0.24595766728665971;0.006789560246622276;0.10171661768576001;0.025311509873185832;0.9999392237121532;0.9999027936102618;0.27200559994040463;0.007508602714391497;0.19598094549531891;0.16628988604513092;0.7615733167616783
23214400881;0.5117944786878769;301.2993779724436;101.00683364064363;100.75711252335432;1.665170013313106;-0.1404457106924226;0.0087641016831732;19.454711793459488;4.086417001028045e-06;0.0;0.0012413982836947;0.0;58.79299999999999;0.0032917856055557;36.357969687310266;0.9999919841403462;0.9999919841403462;732;0.9998906384168637;0.9997683737347894;0.4192146207596285;0.011530198863275462;0.14224250514409684;-0.051813929848723225;0.9998906384168623;0.9998182046576539;0.371393154666281;0.010214903578510475;0.16621065928020642;0.038202671181332276;0.7576051102193754
23214400901;0.5334760146778154;308.92778959668544;94.34263418144916;94.05103071768914;1.6669910302816993;-0.1464624931426755;0.0087529624456563;19.00492528379986;1.976215444860767e-05;7.105427357601002e-15;0.0056127133120229;1.297632429681527e-16;54.75685714285715;0.0035209627411889;36.39912273614364;0.9999900260677592;0.9999900260677592;732;0.9999466784169233;0.9999256311715248;0.23744123714586277;0.006523268125637768;0.10090139218393282;0.01958806896065556;0.9999466784169235;0.999921645212099;0.2437212775846598;0.006695800867273353;0.16751999368311432;0.13203350162183033;0.7564317678399023
23214400921;0.6068776058941204;314.8710795254892;76.37034433640035;76.42220826284822;1.6716627452521182;-0.1428393542391479;0.0089095280075145;20.159491733361666;8.815604098849292e-06;0.0;0.0033354477645116;0.0;51.14033333333334;0.0026430046941958;36.42424503642987;0.9999866300356156;0.9999866300356156;732;0.999877899376936;0.9998131905687797;0.37631128369810257;0.010331340658446953;0.1336679714031199;-0.013433728687655851;0.999877899376936;0.9998000446235135;0.3893268758877252;0.010688673862652147;0.13175393765468088;-0.03817895025010821;0.755887707634655
23214400941;0.6034118951065609;323.4883796241622;76.87600978330735;76.88174255111633;1.6646593974105666;-0.1382001010499167;0.0087113524562422;18.175327159352552;2.398180300533536e-06;1.4210854715202004e-14;0.0007225252905526;3.069162078122217e-16;46.30206666666665;0.0033191645079983;36.41452256830601;0.9999869665793416;0.9999869665793416;732;0.9998635309781946;0.9997741575413903;0.41410872239929225;0.011372076116678754;0.14095060347002022;-0.02986932188274999;0.9998635309781928;0.9997725146121873;0.4156122449542846;0.011413365208199095;0.1409161491990265;-0.032587038856287096;0.7567230473072986
23214400981;0.5571490341216985;342.76233302817514;87.30280475528303;87.148153894243;1.6629071760156795;-0.1382639395945364;0.0087956441820512;18.479679196272453;5.3867724354344575e-06;7.105427357601002e-15;0.0015496656162799;1.3848036167610602e-16;51.31000000000001;0.0034760869563367;36.26961911592505;0.9999788895299196;0.9999788895299196;732;0.999872171738416;0.9997885662264108;0.4023749734766756;0.011093995009724356;0.1419976849970854;-0.04684086444370559;0.9998721717384156;0.9998199563376318;0.3713066264667577;0.010237400764534816;0.14828519053855196;0.01749122456114726;0.7629582714549729
23214401001;0.558467954495757;357.1590227529848;86.98193431246293;86.77556512258217;1.6785291194648626;-0.1369723958325915;0.0087420200829619;18.487045285342763;5.570229132688677e-06;1.4210854715202004e-14;0.0016521932226008;2.7522765856149687e-16;51.63309090909092;0.0033714150720943;36.08757605563835;0.9999818266388004;0.9999818266388004;732;0.9998603020257478;0.9997520891568092;0.4379775925095223;0.012136520109698316;0.15993089131920318;-0.03220806323097861;0.9998603020257483;0.9997935452741987;0.3996837992835961;0.011075385020799954;0.18024333942381915;0.0534880143074007;0.7708083641519531
23214401021;0.611268235134981;364.36968624448514;74.26397721670624;74.2144290064981;1.673655986833278;-0.141085590377354;0.0088704921960718;18.18164937680415;2.490420111589477e-05;0.0;0.0080246662274207;0.0;46.323375;0.0031034563195657;35.97907354849727;0.9999769773493068;0.9999769773493068;732;0.999880069241224;0.999836518067773;0.35681487260893224;0.009917289063265368;0.13968531976050302;-0.011914249449279185;0.9998800692412233;0.9998449063296232;0.3475402459113533;0.009659510699820923;0.1432884958279624;0.012098590905441851;0.775636237392617
23214401201;0.5525361808211489;200.09182963799665;23.95947545942923;23.95725342823676;1.798898915937179;-0.0363020808247214;0.010218695006919;12.90302396682193;6.932169056835387e-05;7.105427357601002e-15;0.0713905969902632;1.7871830443806335e-16;39.7576923076923;0.0009710199030526;11.660004066834803;0.9968880413562063;0.9968880413562063;732;0.9985299732876662;0.9956035382435631;1.821954353069815;0.15625675108056786;0.3441950887047123;0.12571056706455425;0.9985299732876647;0.9955937211009976;1.823987398372955;0.15643111168040014;0.3443000476871753;0.12678027161559755;2.3566068747546276
23214500013;2.0593366508963045;63.293228745004846;35.310308291119696;36.90063150508368;2.023176907666352;-1.6338013523709467;0.0148721850207573;125.35488540352486;3.672835590032578e-05;0.0;0.2113317509682463;0.0;171.45433333333332;0.0001737947834721;167.42845726320584;0.9855140872155512;0.9855140872155512;732;0.9882872501712223;0.9856970633896136;14.034374437164585;0.08382311266896435;9.125239737655592;2.6577632034281855;0.9882872501712228;0.986631511013449;13.568180538626716;0.08103867622274548;8.207355936695476;-4.763261206322518;0.7008921192467814
23214500033;1.8946920725335648;65.22191984188206;56.0876046833742;58.1571025103244;1.6085876410846145;-1.537045481959424;0.0131558116706696;101.54366648458732;1.979536609442365e-05;2.8421709430404014e-14;0.0511964520353631;2.369759405545005e-16;119.93499999999996;0.0003866550377504;167.52981702527325;0.9997762290171488;0.9997762290171488;732;0.9972052782708296;0.9969999967842496;6.464327539173467;0.03858613143592385;1.6584153382145044;0.5378474335328672;0.9972052782708296;0.9944166721309772;8.818791181603048;0.052640129012214355;6.218125647237164;-5.623754940809242;0.704482775570453
23214500041;2.169688901642944;66.31913261196303;42.23360808298207;41.30611625330715;1.6946937009684182;-1.5901583289844927;0.0135888401244188;94.0661519819426;2.262619234818025e-05;2.8421709430404014e-14;0.0800909501137549;2.841119728740766e-16;100.03700000000002;0.0002825062296806;167.5522061899378;0.9998512476731444;0.9998512476731444;732;0.9975050923813332;0.9974693943693943;5.955082188895909;0.03554165190845178;1.6987658904354328;-0.4978798000035983;0.9975050923813337;0.9960973405587105;7.395300950855771;0.04413729379649248;3.2342228336877734;3.1926663978393455;0.7065214866758648
23214500061;2.3255180966608457;67.75422114540233;40.13146027951824;38.85468212372042;1.6159962385415023;-1.5712070140163696;0.0135719405654739;99.99367067572196;1.6915935902847313e-05;0.0;0.0701894189319434;0.0;92.61417391304347;0.0002410040738369;167.55942141838918;0.9997580556559492;0.9997580556559492;732;0.9968072531143216;0.9963288020290854;7.200573032369086;0.04297325075138296;1.8980073935645199;0.3278339864682555;0.9968072531143218;0.991763351892876;10.785453563749074;0.0643679327157512;5.6482892179825;5.6482892179825;0.7092417703928815
23214600051;0.6718849464818532;74.3355552807698;67.84577816661482;67.77643843268802;1.4552763834164548;-1.9821818535414537;0.0850217447241825;23.588551853612007;3.966878684394206e-05;0.0;0.0440637803347074;0.0;65.55271428571429;0.000900258365093;40.79771048009368;0.9993451546827448;0.9993451546827448;732;0.9867623227684187;0.9856409040695666;4.029896906593172;0.0987775259731663;0.9098750470468647;0.453617997290267;0.9867623227684185;0.9855450424669504;4.04332636495719;0.0991066978361455;0.9356159084043011;0.4948504617688332;0.8243176443876702
23214600071;1.0354484940564348;78.10341227234906;35.27901701405824;34.73729642753258;1.772230961003432;-0.3322827519339281;0.0123701911226998;28.613330418893906;2.412819332378852e-05;7.105427357601002e-15;0.0531719643208692;1.1965423366284966e-16;59.383;0.000453776602613;40.78279404252792;0.9998952889977064;0.9998952889977064;732;0.9996952576187712;0.9996276281551101;0.649695814684899;0.015930635208745193;0.15364844378920725;0.023622529204524786;0.9996952576187712;0.9987745804984722;1.1785935080579277;0.028899283036588945;0.6494926403161533;0.6494926403161533;0.8255524578319091
23214600091;1.0861632227592908;80.82530879350449;33.18504104718684;32.9505316036574;1.598580829306116;-0.3199203446704644;0.0119323447457434;31.065380029581423;4.963545979300423e-06;1.4210854715202004e-14;0.0174590496008046;2.4943302138713123e-16;56.972627906976754;0.0002842964590163;40.75710585843182;0.9998781941052742;0.9998781941052742;732;0.99893619725062;0.9989347252891604;1.1000512842875134;0.026990417035706548;0.3008010464124797;0.03365895540834464;0.9989361972506204;0.9987852237479627;1.1747089305034053;0.028822187095023623;0.4549162708663066;0.32144021378464854;0.8269491143474258
23214600111;0.6722096204523484;84.39652795270932;70.65626338368057;70.44114791198511;1.5576283791831105;-0.3299062700193604;0.0124239969745902;19.74522373753261;2.683127156875628e-05;7.105427357601002e-15;0.0205180197869298;1.2311231668718703e-16;57.715;0.001307693035068;40.74835538641686;0.9999923512771144;0.9999923512771144;732;0.9990050531172383;0.9986887442879587;1.2209415866728628;0.029962965991993235;0.23138475356736807;-0.08297465711114013;0.9990050531172376;0.9987927966215457;1.1714976213108645;0.028749568177698134;0.25072922017407834;0.04133775910835466;0.8274487511498799
23214600131;1.270685978087208;86.639607528447;23.42345993101226;22.876248857708067;1.93011350727868;-0.3291221613623349;0.0122768894664572;29.725376281216075;3.804181902271191e-05;0.0;0.1811863318697144;0.0;54.44612121212121;0.0002099596510959;40.75232550919026;0.9998935450891216;0.9998935450891216;732;0.9995980505840885;0.9995977887254435;0.6760462694289897;0.01658914579676026;0.18575889077928287;0.011144993515995873;0.9995980505840887;0.9982541799937259;1.4084746453308286;0.03456182261336709;0.9636311716234677;0.9629268900984522;0.827174054849444
23214600151;0.6166114126596884;89.91362433221761;76.22533028361657;76.15537315544215;1.4252602774041203;-0.3127096875708377;0.0117903693287306;16.982682207664862;5.274671622517816e-05;0.0;0.0274680835200159;0.0;50.4136;0.0019202910966373;40.672011748633885;0.9998627589616104;0.9998627589616104;732;0.9995165639103439;0.9994789195290642;0.7708984132074395;0.018954027107678854;0.3249280450602809;0.068417632239568;0.9995165639103446;0.9994618326188174;0.7834358462084807;0.019262284124285916;0.3188232234510009;0.10568228989830108;0.8303268827633461
23214600191;0.7140094546320782;94.96586865406825;65.46424592560122;65.48856671900424;1.6400363067606378;-0.3078904343702133;0.0118324648985129;21.381309656166223;3.3996841396742653e-06;0.0;0.0030924992091552;0.0;59.96169999999999;0.0010993322583914;40.67419863387978;0.9999926266309216;0.9999926266309216;732;0.9998154548239275;0.9998065237912603;0.46984049828820357;0.011551315430142182;0.11690912803652663;0.00014235067317731136;0.9998154548239282;0.9998039616637466;0.47294122089511825;0.011627548588042234;0.11435807745923343;-0.014968574469853425;0.8304579728941179
23214600211;0.7582968899617922;97.54033020116565;59.53596056546115;59.280953273768894;1.659750626118612;-0.3226457755840829;0.0121903831813855;22.7227542886451;7.209237974066695e-06;7.105427357601002e-15;0.0080114720389987;1.1757364142458763e-16;60.43384615384615;0.0008998643369125;40.6835411937789;0.9999818495795936;0.9999818495795936;732;0.9997973023809756;0.9997932124148624;0.4858321365803685;0.011941736690675768;0.12597092707047175;0.02112006464249485;0.9997973023809756;0.9997582844369154;0.5252624015970588;0.012910931206681167;0.24407884436344612;0.19528730385903476;0.8304342643512127
23214600231;0.8875098197256531;106.3305359554056;45.91755945918031;45.68130896887034;1.6555320979751154;-0.3028825085801069;0.011755982572544;22.46772778370343;3.58119757057422e-06;1.4210854715202004e-14;0.0044241909807759;2.7947994142108383e-16;50.84749425287357;0.0008094581780342;40.76010900697192;0.9999456405299958;0.9999456405299958;732;0.9996388164809378;0.9996377574718045;0.6439059895771999;0.01579745504279837;0.15325374279751303;0.034568087976570044;0.9996388164809373;0.9995615321227312;0.7084213442510143;0.017380261277756652;0.2947027285194824;0.24410511746100172;0.8300178074805725
23214600254;0.6909024434259315;115.98383338804008;69.19001204241056;68.89882130208666;1.6343943204307574;-0.3033475801430759;0.0117869940568556;19.8780801432424;4.722482457495384e-06;0.0;0.0036152143151328;0.0;58.32828571428571;0.0013062800835147;40.84338427010148;0.9999383895196176;0.9999383895196176;732;0.9996512640773828;0.999555508035691;0.7156693475841315;0.017522283238120936;0.1855902657602025;0.01494351599579459;0.9996512640773837;0.999590446809677;0.6869665903048218;0.016819531549144933;0.2957548929098609;0.18677270836782495;0.8311104427358014
23214600271;0.8301634810318174;118.69487360766392;51.82990886377336;51.24577938951016;1.7194565880498538;-0.3150420384846722;0.0122658884785349;22.55443924429225;2.277312981261629e-05;7.105427357601002e-15;0.0294584979242366;1.2267137871419156e-16;57.92245454545456;0.0007730580789008;40.86165399900646;0.9999685943370876;0.9999685943370876;732;0.9996729703221535;0.9996374678172589;0.6471981266720538;0.015838764791258578;0.17184665996958726;0.003928589431644904;0.9996729703221524;0.9994573834936215;0.7917908323718882;0.019377356393628618;0.49486320998499406;0.4644002010220422;0.8318557570104661
23214600291;1.067675432591201;122.35010982795804;33.87899324985244;33.73808588302148;1.6646140885865752;-0.3012821719932657;0.0116021615231401;22.1364970469204;5.612682297796487e-06;0.0;0.0081939791833645;0.0;42.09334615384615;0.0006849763920796;40.879642365489694;0.9998121090914786;0.9998121090914786;732;0.9990899453288081;0.9990755845400529;1.0387267633375572;0.02540938969207918;0.25859742297145194;-0.007589750344349045;0.9990899453288077;0.999067178693608;1.0434387239528375;0.0255246539249008;0.3110555509347117;0.16246584050392657;0.8357196887565471
23214600314;0.8538534589325832;128.48279483049458;49.10409563951218;49.19026397865863;1.6703226259175876;-0.3189233374078749;0.0122324322755679;19.479260261667385;2.269376021685992e-05;7.105427357601002e-15;0.0197981714927413;1.5710289645511463e-16;45.22785714285714;0.001146255361268;40.874190671350505;0.9997876023012928;0.9997876023012928;732;0.9993258807317794;0.9991845991798141;0.9820958830208327;0.024027286336196555;0.23313132173167228;-0.020702862268318297;0.9993258807317781;0.9991324396255927;1.0130203558234883;0.024783863342241867;0.22938277724194364;-0.09246561463081554;0.8414322471931956
23214600321;0.9936113905450292;129.72671994673823;38.03725139946487;37.89528234772406;1.6922784041179877;-0.3102440256578295;0.0117843307886627;25.51789850999409;1.7129308600564507e-05;7.105427357601002e-15;0.0327158126619195;1.3890719923368115e-16;51.15233333333333;0.00052357888149;40.86590858378871;0.9998915180845324;0.9998915180845324;732;0.9992434765872031;0.999242883832209;0.948621404605084;0.023213026150148957;0.22960173583291055;0.0202472422573144;0.9992434765872038;0.9992079184959791;0.9702789190099762;0.023742991472233674;0.2892757515799822;0.17269831574536856;0.8436270577097305
23214600361;0.6977585591423424;134.08487696435373;69.47866308395844;69.00267783813635;1.7165501335226971;-0.3079349082609628;0.011924601383549;24.858416019531457;2.616851724451753e-05;1.4210854715202004e-14;0.0278258492601579;1.990893738788724e-16;71.37927272727275;0.0009404391219062;40.84011289120715;0.9999916781690852;0.9999916781690852;732;0.9995243743001812;0.9994134772256532;0.840628603177158;0.020583405472371866;0.2207324430440505;0.030376221773673547;0.999524374300182;0.9994318659739648;0.8273459080349874;0.0202581689781057;0.41460520300686254;0.3099560478428925;0.8499136205230768
23214700011;1.106223593880973;70.21764734871469;108.79325418904996;108.52439542949136;1.1305352184043918;-1.1715095699427702;0.0144056578564711;76.44366593049614;0.0003341343132527;2.8421709430404014e-14;0.2800483533374164;2.77968365448752e-16;102.24800000000003;0.0011931307907037;126.79807663934426;0.9886042623018128;0.9886042623018128;732;0.945119035144858;0.9421252698828481;23.364594512348976;0.1842661586958107;9.459123946462599;2.1952279490348956;0.9451190351448558;0.941739538559971;23.44232696059211;0.18487919992090932;9.475057169076168;2.5031566674656385;0.7659511860756402
23214700031;1.7515859084739167;71.24126412473353;43.475179588740765;43.3096192467836;1.7605284541547466;-1.0417597798749096;0.0126208373416695;84.37098463538673;2.719657661714472e-05;1.4210854715202004e-14;0.1601640683795128;1.6266269031175578e-16;87.36394736842104;0.0001698044816937;126.78336058383664;0.9997484718065576;0.9997484718065576;732;0.9896973512030329;0.9896789704308862;9.897309280060542;0.07806473368810773;2.5554784742167653;0.21883749434923794;0.9896973512030334;0.9895904531891337;9.939660293430643;0.0783987760511992;2.5794452496134337;0.7008151634597313;0.7684106427279801
23214700051;1.4866524877926963;72.61243533188033;65.66398719747608;64.8874192362115;1.4934819733550595;-1.009438382658252;0.0124396573906915;86.85884540701093;5.6531160062613925e-05;1.4210854715202004e-14;0.1506061764116742;1.4691486702680188e-16;96.72849999999998;0.0003753575146087;126.76800648907104;0.99965437723956;0.99965437723956;732;0.9914973540148365;0.99086652111678;9.341940870637632;0.07369320642778289;1.7830419189172795;0.3137437768729009;0.9914973540148354;0.9898304115999488;9.857588561703922;0.07776085492480918;2.2775080607014115;1.8092412813467267;0.7710975776026118
23214700064;1.1835061070792576;73.58947845662287;94.63957740376536;94.03518209540758;1.3991058534084506;-1.0288404283346788;0.0127802488083945;76.00208388393318;4.945901744831975e-05;0.0;0.0955068510903001;0.0;99.58571428571427;0.0005178583199393;126.77197521467605;0.9998695051692772;0.9998695051692772;732;0.9926060087729551;0.9925661364869708;8.437372607440025;0.06655550324235426;1.691471487217795;0.11352225393189118;0.9926060087729541;0.9923601626808215;8.553463225876166;0.06747124679087556;1.889923851047115;0.9223992252092654;0.7719277969031786
23214700081;1.506059575579764;75.7126210889268;58.0946426831177;57.89772956265774;1.7111372419891535;-1.0295580868007568;0.0127416219972714;71.31037266560813;2.0421153454291025e-05;1.4210854715202004e-14;0.0484450613263966;1.677040054796166e-16;84.73771794871797;0.0004215322035966;126.808590093877;0.9999042992023026;0.9999042992023026;732;0.9962131682724822;0.9961866438179477;6.057509634621118;0.04776892188562869;1.170778320016725;0.06394460155680963;0.9962131682724822;0.9961160352053209;6.113333239442008;0.04820914131224296;1.2105628043989558;0.49354847710895156;0.7735559904589159
23214700101;1.3824303350608618;78.7823519883302;70.61720287231208;69.85730696207924;1.5856631997958297;-1.0205160002476172;0.0125649713542977;69.74494817433433;1.9019929175132342e-05;1.4210854715202004e-14;0.0385615245975757;1.599864630135604e-16;88.82535714285713;0.000493235922947;126.90363705113192;0.9998860952462189;0.9998860952462189;732;0.9965104041233688;0.9964635409197028;5.849483154490432;0.046093896837121874;1.2306915946072396;0.16759486368767074;0.9965104041233692;0.9959687042119187;6.245331684626767;0.04921318119598418;1.9304426422588261;1.5313730398280347;0.7751024449926014
23214700121;1.817127473302188;80.90696686327824;38.310438005952754;38.40300680968793;1.861506485111099;-1.0090127880138628;0.0123965985064672;75.30499516901286;3.252391134324774e-05;1.4210854715202004e-14;0.149817642632215;1.6817270718997536e-16;84.50155172413793;0.0002170899953558;127.02164122856604;0.9998053247519986;0.9998053247519986;732;0.9974031049832536;0.9973985503486231;5.027282966584211;0.039578160996502854;1.2746411905891823;-0.15858419898954587;0.997403104983254;0.9973797482901718;5.045417680454574;0.03972092969083684;1.387542907049241;-0.46588742858899745;0.7759753014915799
23214700141;1.5131738307169171;82.17322841663925;62.54166362524112;60.98125990660907;1.5441196228805174;-1.0134810917744506;0.012512526962114;77.18184502100861;8.203418473165988e-05;0.0;0.1621834782622588;0.0;89.4733;0.0005058109840202;127.11129139344264;0.9996993211247556;0.9996993211247556;732;0.994624712742844;0.994182429138523;7.527939063861704;0.05922321283449766;1.797151961029781;0.2411824559796308;0.994624712742842;0.9913858772435562;9.160322888380591;0.07206537505804264;3.490646985647486;3.406569788103187;0.7764636390620465
23214700161;1.3756529522722518;84.16342265209082;70.6959792895479;70.3680228036788;1.6089640861281698;-1.0134088485495545;0.0122355722547925;75.27346486392081;6.03535111205675e-06;1.4210854715202004e-14;0.015146126717751;1.5266784706617558e-16;93.0834814814815;0.0003984748856605;127.16283009512246;0.9998816589880136;0.9998816589880136;732;0.9966807700292815;0.9966631804613271;5.709584225761207;0.04489978888870457;1.2572281365034967;0.14195342189887547;0.9966807700292819;0.9965528829660095;5.80318129259289;0.04563582996896104;1.4288541747097416;0.7311993841784126;0.777280798193928
23214700181;1.3481312960139749;87.40479222668208;72.15345164691678;71.21085736209243;1.6396468802455282;-1.029253854431088;0.0122660547625133;65.28949950002176;2.4543432917304912e-05;1.4210854715202004e-14;0.033197482137299;1.738748922758814e-16;81.73034374999999;0.000739316096799;127.15204832650274;0.9998892771141727;0.9998892771141727;732;0.9978980156524297;0.9978575566197326;4.582304394435091;0.03603799116683192;1.0555363348552853;0.24709381681065912;0.99789801565243;0.9971734058138091;5.26333471416881;0.041394022223327054;2.1717346372648128;1.904947767056735;0.7785847585988057
23214700201;1.5312159096158755;92.45046755190708;48.23128502229041;48.59345093528575;1.8178215382198013;-0.9251887035052592;0.0128385430854669;70.5405196753438;2.3968665321477085e-05;1.4210854715202004e-14;0.0570878628215392;1.7462447650372907e-16;81.37951219512193;0.0004198557125251;114.75986020924962;0.9992483448856044;0.9992483448856044;732;0.9955871152807996;0.9955273144751533;6.186936222971577;0.05391202299907395;2.1733939491857726;0.3112403454201238;0.9955871152807987;0.9955517790770101;6.169992434247157;0.053764377396390874;2.2558167712443424;-0.5481476821823914;0.8061232491129403
23214900014;1.687277865375553;93.52112729791308;16.598748211935256;16.519269312392474;1.9215086296307744;-0.4949568022353154;0.017514661936097;57.16050305769616;5.317091560308982e-05;1.4210854715202004e-14;1.502868688204405;2.6439947250799117e-16;53.74766666666665;3.5379615012551284e-05;53.46416123956326;0.9770893358556372;0.9770893358556372;692;0.9689613567989324;0.9603087172659979;11.070197038647217;0.2070582757119047;5.7168175396823235;1.8732580015905582;0.9689613567989315;0.95922545164133;11.220245600249044;0.20986480176829386;5.763442037336572;2.120287968152966;1.0393098080999137
23214900021;1.723122927771649;95.22034745740348;19.22300270736013;19.5215034543631;1.80100889293141;-0.4841303793513918;0.0134001453214125;45.67454925889993;5.327261927641508e-05;0.0;0.092132856087675;0.0;54.03851515151515;0.0005782152159238;57.58232253684385;0.9869324966407582;0.9869324966407582;732;0.9826908304048908;0.9822188723015185;6.892290766938437;0.11969456012352453;3.5639269031879306;0.7876360976923069;0.9826908304048912;0.9817192020220018;6.9884605036192715;0.12136468616992184;3.5296333229698416;-0.09428940510102186;0.8976246338409751
23214900041;1.1666801787658114;95.29069562417703;66.26378402260744;66.32494749403497;1.2042202664330444;-7.782337197282728;0.1440786002266658;71.06320463923305;8.685812876503439e-05;1.4210854715202004e-14;0.1477327319233088;1.8641819462282108e-16;76.23105;0.0005879409906947;83.05414849726776;0.98748806914248;0.98748806914248;732;0.8925434870312672;0.8823924118139749;19.57620702847582;0.2357041446174097;5.278928229279557;1.5293341622617205;0.8925434870312678;0.8826126737830998;19.5578667378726;0.23548332132399138;5.2514378406917315;1.4540842995235321;0.6873050695812776
23214900061;1.2835863878796383;97.90328308958917;52.87041876110387;52.25859974453935;1.5962048478344857;-0.7615445509986226;0.0132633367426331;68.26578586171007;1.3051190467759633e-05;1.4210854715202004e-14;0.0235489009839507;1.9472417247607856e-16;72.9794074074074;0.0005542165418528;83.04731718275653;0.9996495050015372;0.9996495050015372;732;0.9974368032250028;0.9973165047508575;2.940617269054823;0.03540893756487772;0.7992659467362615;0.06964647621986532;0.9974368032250035;0.9971070436041266;3.0532265614585916;0.03676490300992584;1.3667512558824209;1.0298680533910403;0.6835377125146145
23214900081;1.1792379269353712;101.51834364133806;60.36325534644722;60.01310115935106;1.613608507471075;-0.7450572539404431;0.0128228015798229;58.24545161011388;1.8600577792829025e-05;1.4210854715202004e-14;0.0202862968527375;2.11985995615229e-16;67.03676190476189;0.0009169035594743;83.02964160161332;0.999850176852198;0.999850176852198;732;0.998071645763776;0.9966263215704835;3.2791356250729815;0.0394935538901479;0.659217634006209;-0.09008870722286713;0.9980716457637754;0.9970014381250986;3.0914629407368635;0.037233244430586517;0.8245727633496159;0.39207086867971896;0.6799459228769227
23214900101;0.9899400019454568;107.66828125934644;79.91661423809282;79.60683748007116;1.63720635290229;-0.7118704165922731;0.0125319334307509;47.24333516517035;1.0194148852214694e-05;1.4210854715202004e-14;0.0056599315289765;2.209612536001813e-16;64.3137857142857;0.0018011081582921;83.01088459211553;0.9999565705612504;0.9999565705612504;732;0.9986471030364027;0.997825417597507;2.6215946782324964;0.03158133648513726;0.4053774887323202;-0.01403369252636705;0.9986471030364005;0.998008063521725;2.5090848872772074;0.030225974576778853;0.5685438992081577;0.3077916283587865;0.677239952021161
23214900121;0.9681470699346894;112.80932811804465;82.90252166682998;83.0839874383473;1.620319531979715;-0.6975093976213286;0.0121598116230287;54.43135181512456;1.7604132825396433e-05;1.4210854715202004e-14;0.0125508956454649;1.8872110621275446e-16;75.30082352941179;0.0014026196474478;82.98960679042108;0.9999318651929436;0.9999318651929436;732;0.9982159173827188;0.9970544193326214;3.037926610801142;0.03660610922609876;0.48751188043731064;-0.03844034303817827;0.9982159173827196;0.9968801849272647;3.1264842390569387;0.037673202223411514;0.5095138831523256;-0.22018087791839872;0.6744785006143962
23214900141;0.961659372936598;117.71528523957367;83.7647961940211;83.8764842803465;1.6700531066152635;-0.6606769017190679;0.0119285796835012;55.81861545998959;1.3046077105164208e-05;0.0;0.0098206038766241;0.0;78.9905;0.0013284393983365;82.96550857240437;0.9999308249668816;0.9999308249668816;732;0.9989425529071532;0.9983299059347742;2.276998267042436;0.027445119137132625;0.3980411751562234;-0.03397327587808935;0.9989425529071545;0.9982540903238049;2.328107981186076;0.02806115482501172;0.4084693655841506;-0.14464092762241706;0.6715752060326504
23214900161;0.9675220413560104;121.54336454072056;82.96410623706069;82.69054666568513;1.5987534579924163;-0.6408388879529313;0.0115270784046854;66.05993271611767;1.2905696288964866e-05;1.4210854715202004e-14;0.0139802017952814;1.5583880279135367e-16;91.18944999999998;0.0009231409158429;82.94298221994536;0.9998124839548952;0.9998124839548952;732;0.9989439356569817;0.9984265835891326;2.197897482253694;0.026498896270999574;0.5017189440292072;0.0037117263342027846;0.998943935656983;0.9985435314057186;2.114638602455999;0.02549508765971873;0.5824356887231589;0.277189406207025;0.6680453529959851
23214900193;0.8023112264591469;129.48819461493494;113.9139009085715;113.10831730456822;1.6905482660274542;-0.7279371256912968;0.0124657928382771;83.29654853499262;1.1222201333886988e-05;2.8421709430404014e-14;0.0147752276860997;1.9399979783996652e-16;146.50380952380948;0.0007595281488923;83.15872562234365;0.9999914946221996;0.9999914946221996;732;0.9964845160485406;0.9959626988810072;3.51225691948708;0.04223557892695007;0.38265012930517517;0.029237843612526106;0.996484516048539;0.9961160087720179;3.444925433454431;0.04142590458996674;0.8312452338556449;0.6171182675959571;0.6647110223911908
23214900203;1.0341507240038388;135.10457116473052;74.09001104081723;73.48797079373261;1.6980677966483229;-0.6837738316765044;0.0120501020871274;87.9799597271615;7.001619184019371e-06;4.263256414560601e-14;0.014149401155029;3.6961942180444076e-16;115.34178571428576;0.0004948350186206;83.30126510050742;0.9995710903187598;0.9995710903187598;732;0.9852149265271191;0.9852092077603666;7.046768633937881;0.08459377688244685;0.9837001101210283;0.07950673228798598;0.985214926527122;0.9850073122923103;7.094700092123138;0.08516917580498932;1.2171473838096831;0.755749686864099;0.6955729702153788
23214900211;1.164600402733983;137.0797145200209;60.01327954454052;59.85503754783126;1.7360593064796082;-0.6412509595602858;0.0115298185429294;81.02541859086043;1.890738922573456e-05;1.4210854715202004e-14;0.039926486361265;1.458269396778866e-16;97.45013333333333;0.0004735550495141;83.24443119307833;0.999410444226172;0.999410444226172;732;0.9827693703077852;0.9826492466269637;7.79871107697445;0.0936844779308541;1.1083148182699707;0.07223636645064514;0.9827693703077859;0.9825634866704127;7.817960751630425;0.09391572072247494;1.1232172892755932;0.2915433978267411;0.7112273888119931
